ID,response_datetime,sex,age,address,外国人労働者の受け入れ拡大,子育て支援の充実,インフラ投資の強化,イノベーションの促進,防衛力の強化,憲法９条の改正,再生可能エネルギーの導入促進,エネルギー安全保障の確保,日米同盟の廃止,教育格差の是正,地域資源の活用,働き方の多様化,労働法制の整備,在宅医療の推進,介護人材の確保,医療費の持続可能性確保,サイバーセキュリティの強化,電子政府（e-Government）の推進
1,2024-11-05 18:15:42,男性,84,岐阜県岐阜市,-1,0,-1,1,-1,0,1,0,0,1,1,1,1,1,0,0,-1,0
2,2025-01-09 23:00:51,女性,91,岐阜県岐阜市,1,0,1,-1,0,1,1,-1,-1,1,1,1,1,-1,0,0,-1,0
3,2024-12-22 09:17:44,女性,20,愛知県稲沢市,1,0,-1,1,1,0,-1,0,-1,1,1,-1,0,1,1,0,1,0
4,2024-12-10 20:08:08,男性,53,愛知県知多市,1,1,-1,1,-1,-1,0,1,-1,-1,1,-1,1,1,0,1,0,0
5,2024-10-23 16:36:41,男性,91,福島県双葉郡浪江町,1,0,-1,1,1,0,1,0,0,-1,0,1,1,1,0,0,-1,0
6,2024-10-30 08:21:04,男性,59,三重県桑名市,0,0,1,-1,0,0,1,0,0,-1,0,1,1,1,0,0,-1,1
7,2024-11-12 22:08:55,男性,73,北海道枝幸郡浜頓別町,-1,1,-1,1,-1,1,1,1,0,1,1,1,0,0,0,1,-1,0
8,2024-10-22 09:23:39,男性,95,長崎県長崎市,1,0,-1,1,0,1,1,-1,0,1,0,-1,0,-1,-1,1,1,0
9,2024-12-29 12:29:04,男性,28,岩手県花巻市,1,1,1,1,-1,1,1,0,-1,-1,-1,1,1,-1,-1,1,-1,0
10,2024-11-06 16:22:59,女性,11,北海道石狩市,0,1,-1,1,-1,-1,1,0,-1,1,1,1,1,1,-1,1,-1,1
11,2024-12-26 15:42:21,女性,91,兵庫県神戸市西区,-1,1,1,1,-1,0,1,0,-1,-1,1,-1,1,1,1,0,-1,1
12,2024-11-09 11:36:08,女性,81,茨城県東茨城郡城里町,-1,0,-1,0,-1,1,1,0,0,-1,1,1,1,1,0,1,-1,1
13,2024-12-27 07:29:31,女性,30,北海道空知郡上富良野町,1,-1,1,1,1,-1,0,-1,0,1,0,-1,1,1,0,1,-1,0
14,2024-11-24 12:49:28,男性,82,大分県玖珠郡玖珠町,1,0,1,1,1,-1,1,1,0,1,1,1,1,1,-1,0,-1,0
15,2024-11-09 13:24:48,女性,27,長崎県島原市,1,1,1,0,0,-1,1,-1,0,-1,1,1,1,1,1,0,1,0
16,2024-12-14 22:44:53,女性,68,岐阜県飛騨市,1,1,1,1,0,0,1,0,0,-1,1,-1,-1,1,0,0,-1,1
17,2024-12-03 19:32:05,男性,91,福岡県糟屋郡新宮町,0,1,1,0,0,0,1,0,-1,-1,1,1,1,-1,0,0,-1,0
18,2024-12-30 00:05:07,男性,71,石川県河北郡津幡町,0,1,1,1,1,0,1,-1,0,-1,0,1,1,1,0,1,1,0
19,2024-11-09 23:23:19,男性,33,長野県松本市,0,-1,-1,1,1,0,1,-1,-1,-1,1,1,0,1,0,0,-1,0
20,2024-12-17 09:19:28,女性,70,北海道網走郡美幌町,1,-1,-1,1,-1,-1,1,0,0,1,1,-1,1,1,-1,1,-1,0
21,2024-11-10 20:32:33,女性,16,大分県別府市,-1,1,-1,1,0,0,1,1,0,-1,1,-1,1,-1,0,-1,-1,0
22,2024-10-14 00:06:51,女性,10,兵庫県淡路市,0,1,1,1,0,1,0,0,0,1,0,-1,0,-1,1,0,1,0
23,2024-12-10 12:50:56,男性,45,京都府京都市左京区,-1,1,1,1,0,-1,1,1,1,-1,0,1,0,1,0,0,1,0
24,2024-10-21 18:37:49,男性,26,岐阜県羽島市,0,1,-1,1,0,0,1,0,0,-1,1,-1,0,1,0,0,1,1
25,2024-12-03 08:36:31,女性,52,長崎県佐世保市,1,1,-1,1,0,-1,1,0,0,-1,1,1,0,1,0,1,-1,0
26,2024-12-29 16:37:17,女性,56,香川県高松市,1,1,-1,0,0,1,1,1,0,-1,0,1,1,1,0,0,-1,1
27,2024-12-09 23:52:31,男性,30,和歌山県西牟婁郡白浜町,0,1,1,1,1,1,1,-1,0,-1,1,1,1,1,1,1,1,0
28,2024-11-08 23:32:08,男性,19,大阪府豊中市,0,0,-1,1,0,1,1,-1,-1,-1,1,1,0,-1,-1,0,0,0
29,2024-10-21 06:23:52,男性,37,石川県小松市,1,1,1,1,0,0,1,0,0,1,1,1,-1,1,0,0,1,0
30,2024-10-19 18:13:55,女性,11,新潟県魚沼市,0,0,-1,1,1,0,1,-1,0,-1,1,-1,-1,-1,0,0,-1,1
31,2024-11-27 09:02:24,女性,66,千葉県松戸市,1,1,1,1,0,1,1,-1,0,-1,1,1,1,1,0,0,-1,0
32,2024-12-10 06:32:56,男性,20,埼玉県行田市,1,1,1,-1,0,0,0,0,-1,-1,1,1,1,0,1,-1,1,0
33,2024-11-22 04:14:14,女性,27,福岡県那珂川市,1,1,1,1,1,1,1,-1,0,-1,0,-1,1,1,0,1,1,0
34,2025-01-04 17:42:18,男性,70,東京都品川区,0,-1,1,1,-1,0,0,0,-1,1,0,1,0,1,-1,-1,-1,1
35,2024-12-26 16:04:20,女性,82,北海道三笠市,1,0,-1,1,1,0,1,1,0,1,1,1,1,1,0,0,-1,0
36,2024-11-01 20:20:38,女性,77,静岡県伊豆の国市,0,0,0,1,-1,0,1,-1,-1,1,1,-1,1,-1,1,0,-1,0
37,2025-01-08 18:43:13,男性,96,秋田県秋田市,0,1,1,1,1,0,0,1,-1,1,0,-1,1,1,1,1,-1,1
38,2024-12-25 21:49:35,男性,59,静岡県静岡市清水区,1,1,-1,0,1,0,0,0,0,1,0,1,1,1,0,1,-1,0
39,2024-10-24 22:27:16,男性,31,岐阜県大垣市,1,1,-1,1,0,0,1,0,0,1,0,1,-1,-1,-1,0,1,0
40,2024-10-22 08:36:27,男性,58,埼玉県所沢市,0,0,1,1,1,0,1,0,0,0,0,1,-1,0,1,0,-1,0
41,2024-11-04 16:55:14,男性,78,北海道伊達市,1,1,-1,1,0,0,1,-1,-1,1,1,1,-1,-1,0,1,-1,0
42,2024-10-22 23:42:09,女性,93,北海道名寄市,0,0,-1,1,-1,1,1,0,0,1,1,-1,0,-1,0,0,-1,1
43,2024-11-22 22:25:59,男性,49,宮城県富谷市,-1,1,0,1,0,0,1,0,0,-1,-1,1,0,-1,0,0,-1,0
44,2024-12-19 20:00:46,男性,84,千葉県八千代市,-1,0,-1,0,0,-1,1,1,-1,-1,1,1,1,1,0,1,-1,0
45,2025-01-01 15:43:34,女性,41,富山県富山市,1,1,-1,1,-1,0,1,-1,0,1,-1,-1,1,-1,-1,0,-1,0
46,2024-10-21 03:13:29,男性,39,栃木県宇都宮市,1,0,0,-1,0,0,1,0,-1,1,0,1,1,-1,0,0,-1,0
47,2025-01-03 14:20:06,女性,67,群馬県前橋市,1,1,-1,1,1,0,1,1,-1,0,0,-1,1,1,0,0,1,0
48,2024-11-10 23:01:50,男性,41,島根県安来市,1,1,-1,1,1,0,1,0,0,1,1,1,1,-1,0,0,-1,0
49,2025-01-08 13:46:26,男性,30,宮城県仙台市青葉区,1,1,1,1,0,1,0,-1,0,0,0,1,1,1,0,1,-1,1
50,2024-12-30 15:47:54,女性,43,岩手県遠野市,-1,0,0,0,-1,-1,1,0,0,1,1,1,1,1,0,-1,1,1
51,2025-01-09 20:51:36,男性,80,東京都東久留米市,1,1,1,-1,0,0,1,0,0,1,0,1,1,-1,0,0,-1,0
52,2024-11-30 10:23:04,男性,51,神奈川県横浜市金沢区,1,0,1,0,0,0,1,1,0,1,1,-1,1,-1,0,0,-1,0
53,2024-11-10 16:54:48,女性,44,石川県金沢市,1,1,-1,0,-1,-1,0,0,0,-1,0,-1,1,-1,1,1,-1,0
54,2025-01-09 20:01:51,男性,43,静岡県静岡市駿河区,-1,1,-1,0,0,0,1,0,-1,-1,1,-1,1,1,1,1,-1,0
55,2024-10-31 22:28:07,女性,53,新潟県柏崎市,1,1,-1,0,-1,-1,-1,-1,0,-1,1,-1,0,1,0,1,1,0
56,2024-11-04 06:33:40,男性,90,埼玉県草加市,-1,-1,1,1,-1,0,1,0,0,1,1,-1,1,1,0,0,1,0
57,2024-12-11 08:10:29,女性,43,神奈川県秦野市,1,0,1,1,0,0,0,1,0,-1,1,-1,0,1,0,1,-1,0
58,2024-12-09 09:06:51,女性,87,兵庫県加古川市,0,1,-1,1,1,0,0,0,0,-1,1,-1,1,1,-1,1,-1,0
59,2024-12-21 02:11:43,女性,26,愛知県一宮市,0,0,1,1,1,1,1,0,-1,1,1,1,1,1,0,0,-1,1
60,2024-12-12 18:01:04,女性,35,北海道士別市,1,0,1,0,1,1,0,0,-1,1,1,-1,1,1,0,0,-1,0
61,2024-12-29 10:10:10,男性,95,群馬県沼田市,-1,1,0,1,-1,0,0,0,-1,1,1,1,1,1,0,0,-1,0
62,2024-12-14 07:14:18,女性,46,北海道標津郡中標津町,-1,0,-1,1,0,0,0,0,0,1,0,-1,1,-1,0,-1,-1,0
63,2024-10-17 07:23:28,女性,59,千葉県館山市,1,1,1,0,0,1,0,0,0,-1,1,-1,1,1,0,1,-1,0
64,2024-12-05 19:00:15,男性,71,大阪府大阪市平野区,0,1,0,0,0,1,1,0,0,1,1,1,1,1,0,0,-1,0
65,2025-01-03 12:23:36,男性,87,鳥取県岩美郡岩美町,0,1,1,1,-1,0,1,-1,-1,1,0,1,1,1,0,1,-1,0
66,2024-11-23 07:26:30,男性,63,広島県呉市,-1,0,1,-1,0,0,0,0,0,-1,0,1,1,1,-1,1,1,0
67,2024-12-02 10:06:26,男性,58,茨城県土浦市,1,0,-1,1,1,-1,1,0,-1,1,0,1,1,1,1,0,-1,0
68,2024-12-13 21:07:47,男性,98,福島県いわき市,1,1,-1,1,1,0,0,0,-1,1,-1,-1,1,0,0,-1,-1,0
69,2024-10-31 15:35:54,女性,36,長崎県西海市,1,1,1,1,0,0,1,0,0,-1,1,1,1,1,1,0,-1,0
70,2024-10-16 07:38:37,女性,59,香川県観音寺市,1,0,-1,1,0,0,1,1,0,1,1,1,1,1,1,0,-1,0
71,2024-12-14 14:00:14,女性,28,広島県尾道市,1,1,0,1,1,1,1,0,-1,-1,1,1,1,-1,-1,0,-1,0
72,2024-11-17 20:08:57,男性,42,滋賀県草津市,1,0,1,1,1,0,1,0,-1,1,1,1,1,1,1,-1,-1,0
73,2024-10-28 08:51:54,男性,28,愛知県稲沢市,0,1,-1,1,0,1,0,0,0,0,0,1,1,1,0,0,-1,0
74,2024-10-18 07:13:46,女性,39,奈良県奈良市,0,1,1,1,-1,-1,1,0,0,-1,0,-1,1,-1,0,1,-1,1
75,2024-11-01 12:00:46,女性,69,愛媛県東温市,1,1,1,0,0,1,1,1,-1,-1,1,1,1,-1,0,0,-1,0
76,2024-10-22 18:55:31,女性,75,北海道旭川市,1,1,1,1,0,1,0,0,1,1,-1,-1,0,-1,-1,0,1,1
77,2024-12-22 03:57:10,男性,29,京都府京都市左京区,0,0,0,1,0,0,0,-1,0,-1,1,1,1,1,0,-1,1,0
78,2025-01-10 16:50:10,男性,52,山口県岩国市,1,1,-1,1,-1,0,0,0,0,-1,0,0,0,-1,0,0,-1,0
79,2024-12-02 16:05:37,女性,24,鳥取県倉吉市,0,0,0,0,-1,-1,1,0,0,0,1,0,0,1,0,1,1,0
80,2024-11-07 22:44:38,女性,34,青森県五所川原市,-1,0,-1,0,1,1,1,1,1,1,1,1,1,1,1,1,1,0
81,2024-11-02 14:49:45,女性,20,福岡県福岡市早良区,1,1,-1,-1,0,-1,0,0,0,1,1,-1,1,0,0,0,-1,0
82,2025-01-04 15:43:16,男性,36,沖縄県沖縄市,-1,1,1,0,-1,1,0,1,0,1,1,1,1,1,0,0,-1,0
83,2024-11-26 00:51:44,女性,30,東京都八王子市,-1,1,-1,-1,0,0,0,-1,0,1,1,1,-1,1,1,0,-1,0
84,2024-10-30 05:19:57,男性,70,北海道河西郡芽室町,1,0,-1,1,-1,1,1,0,-1,0,1,1,0,1,-1,0,-1,0
85,2024-12-24 17:34:13,女性,41,大阪府豊中市,0,0,-1,1,0,0,1,0,0,-1,0,-1,1,1,0,0,-1,0
86,2024-12-30 00:28:36,男性,25,埼玉県朝霞市,1,1,-1,1,0,0,1,0,-1,1,1,-1,1,-1,1,1,-1,1
87,2025-01-09 03:15:02,男性,32,東京都国立市,1,1,0,1,0,0,1,0,0,1,1,0,1,1,0,0,-1,0
88,2024-12-30 17:33:55,女性,92,新潟県魚沼市,1,1,-1,-1,-1,1,1,0,0,-1,1,-1,1,1,0,0,-1,0
89,2024-11-22 21:29:22,女性,99,愛知県弥富市,1,0,-1,1,0,-1,1,0,0,-1,1,-1,1,1,1,0,-1,0
90,2024-11-04 03:08:26,女性,25,広島県広島市中区,1,1,-1,1,-1,0,0,-1,0,1,0,1,1,-1,0,0,1,0
91,2024-10-26 14:20:53,女性,96,埼玉県さいたま市中央区,1,1,1,0,0,0,1,0,0,-1,-1,1,1,1,0,-1,-1,0
92,2025-01-03 06:58:11,男性,21,山形県山形市,0,1,1,1,0,1,1,0,0,1,1,-1,1,0,0,1,1,0
93,2025-01-05 11:28:46,女性,24,兵庫県相生市,-1,0,1,1,-1,-1,1,1,-1,-1,-1,-1,1,1,0,1,-1,1
94,2024-12-16 07:14:53,男性,15,神奈川県横浜市神奈川区,1,1,-1,1,-1,0,0,0,0,-1,1,1,1,1,0,1,-1,0
95,2024-12-17 13:20:34,男性,30,山形県鶴岡市,-1,1,-1,1,0,0,1,1,0,1,0,1,1,-1,-1,0,-1,0
96,2024-10-26 13:51:45,女性,21,北海道余市郡余市町,1,1,-1,-1,-1,1,1,0,0,0,1,1,0,1,1,0,-1,0
97,2024-11-26 00:51:37,女性,46,京都府京都市西京区,1,0,-1,1,0,0,1,0,0,-1,-1,-1,1,1,0,-1,-1,0
98,2024-11-12 01:44:34,女性,76,北海道小樽市,0,0,1,-1,-1,0,1,-1,0,-1,-1,1,1,1,0,1,-1,0
99,2024-12-06 22:05:15,女性,41,愛知県大府市,-1,1,-1,1,-1,0,-1,-1,0,1,1,-1,1,1,0,0,-1,0
100,2025-01-02 12:37:55,女性,90,福島県いわき市,1,0,-1,1,0,0,1,1,0,1,1,0,1,1,0,0,-1,0
101,2024-11-13 11:26:59,男性,77,岐阜県海津市,1,0,-1,0,0,0,1,0,0,1,1,1,0,1,0,0,-1,1
102,2024-12-27 16:16:44,女性,17,京都府京都市北区,-1,1,1,0,0,0,1,0,0,-1,0,-1,1,1,0,-1,-1,0
103,2024-11-03 06:52:46,男性,84,石川県野々市市,1,0,-1,1,0,1,-1,-1,-1,-1,1,1,1,1,1,0,-1,0
104,2024-12-26 04:19:38,女性,74,茨城県水戸市,0,0,1,1,1,0,1,0,-1,-1,0,1,-1,1,1,1,-1,0
105,2024-12-21 14:40:12,女性,35,広島県福山市,-1,1,-1,1,0,0,1,1,-1,-1,0,-1,0,1,0,1,-1,1
106,2024-11-03 12:53:23,女性,23,神奈川県横浜市青葉区,0,0,1,1,-1,0,1,0,-1,1,1,0,1,1,1,0,1,0
107,2024-12-29 18:20:03,男性,83,兵庫県神戸市中央区,0,0,1,1,0,1,1,0,0,1,1,1,1,1,1,0,-1,0
108,2024-12-24 02:21:12,女性,26,滋賀県高島市,0,0,1,1,0,1,1,0,-1,1,1,1,0,1,1,0,-1,0
109,2024-10-23 06:15:43,男性,38,東京都品川区,-1,1,-1,0,0,1,1,0,0,-1,0,-1,1,1,0,1,-1,0
110,2024-11-29 14:15:52,女性,33,広島県尾道市,-1,1,-1,1,0,0,0,0,0,-1,1,1,1,1,0,1,-1,0
111,2025-01-03 20:10:23,女性,53,山形県酒田市,-1,0,1,1,-1,-1,1,0,0,1,0,0,-1,1,0,0,-1,0
112,2024-12-15 02:14:46,男性,54,北海道旭川市,1,1,-1,-1,0,0,1,0,0,1,1,1,1,1,0,0,-1,0
113,2024-12-09 07:50:25,男性,29,愛知県西尾市,1,-1,1,1,-1,0,0,0,-1,0,0,1,1,0,-1,0,1,1
114,2024-11-07 01:23:21,男性,69,大阪府大阪市天王寺区,1,1,1,1,-1,-1,1,-1,0,-1,1,-1,1,1,0,1,-1,0
115,2024-11-24 00:19:00,女性,96,山梨県富士吉田市,-1,-1,1,-1,0,1,1,-1,-1,1,-1,1,1,1,0,0,-1,-1
116,2025-01-05 01:38:17,男性,88,徳島県阿南市,1,1,1,1,-1,1,1,0,0,-1,0,-1,0,1,1,1,-1,-1
117,2024-11-29 19:20:56,男性,32,愛媛県松山市,1,1,-1,0,0,0,1,0,0,-1,1,1,1,-1,0,0,-1,0
118,2024-10-26 20:16:57,男性,63,北海道札幌市東区,1,0,1,1,0,1,1,0,0,1,1,-1,1,1,1,0,-1,1
119,2024-11-04 11:57:48,男性,31,北海道札幌市豊平区,1,1,-1,1,0,1,1,0,0,-1,1,1,0,1,0,-1,-1,0
120,2024-12-13 00:28:16,男性,64,愛知県名古屋市中川区,1,1,1,1,1,0,1,0,0,-1,0,-1,0,1,0,0,-1,0
121,2024-11-04 07:38:46,男性,45,鳥取県西伯郡大山町,1,-1,1,1,1,1,1,1,-1,-1,1,1,1,-1,0,1,1,0
122,2024-12-12 19:51:24,男性,12,北海道札幌市西区,0,1,1,0,-1,1,0,0,0,1,0,-1,1,-1,0,0,-1,0
123,2024-12-23 09:31:12,男性,83,大阪府豊中市,-1,0,1,1,1,0,1,0,-1,1,1,-1,1,1,0,0,1,0
124,2025-01-08 17:16:12,男性,77,岐阜県各務原市,1,1,-1,1,-1,0,1,0,1,-1,-1,0,1,0,-1,1,1,1
125,2024-11-04 22:37:08,女性,20,和歌山県伊都郡かつらぎ町,-1,0,-1,-1,1,-1,0,0,-1,-1,1,-1,1,1,0,1,-1,0
126,2024-12-08 18:02:57,男性,41,滋賀県東近江市,-1,1,1,1,0,0,1,-1,0,-1,0,1,1,-1,0,0,-1,0
127,2024-12-28 11:23:38,男性,12,茨城県守谷市,-1,0,-1,0,-1,1,-1,0,-1,-1,1,0,1,1,0,-1,-1,0
128,2024-11-30 12:38:52,男性,64,愛知県西尾市,1,1,-1,0,1,-1,0,0,-1,-1,1,1,1,1,1,0,-1,0
129,2024-10-25 06:38:11,女性,63,石川県加賀市,-1,0,1,1,0,0,1,0,-1,1,0,-1,0,1,0,0,-1,0
130,2024-10-25 10:56:55,女性,47,広島県廿日市市,0,1,1,1,0,-1,1,0,0,1,0,1,1,-1,0,0,-1,0
131,2024-11-25 11:43:37,女性,29,山口県下関市,1,-1,-1,1,-1,-1,1,1,0,1,1,1,0,1,0,0,1,0
132,2024-12-24 12:12:56,男性,69,北海道札幌市豊平区,-1,1,-1,0,0,1,1,0,-1,1,1,1,0,-1,0,1,-1,0
133,2024-10-17 05:27:27,男性,18,福島県双葉郡大熊町,0,1,1,1,-1,0,1,0,-1,-1,0,1,1,-1,0,1,-1,0
134,2024-11-06 06:35:45,男性,39,岐阜県岐阜市,1,1,1,1,0,1,1,0,0,1,1,1,1,1,0,0,-1,0
135,2024-11-12 04:40:01,男性,13,新潟県長岡市,1,-1,1,1,0,1,1,0,-1,1,1,-1,0,-1,-1,1,-1,1
136,2024-11-11 22:55:51,女性,83,東京都新宿区,1,-1,-1,0,-1,-1,1,0,-1,1,1,1,0,1,0,-1,-1,0
137,2024-12-11 13:05:07,女性,35,北海道札幌市豊平区,1,-1,-1,0,0,0,1,-1,1,-1,1,-1,0,1,0,1,-1,0
138,2024-12-10 12:40:48,男性,44,愛知県瀬戸市,1,1,-1,0,-1,1,0,1,0,1,1,-1,1,-1,0,0,-1,0
139,2024-11-16 03:21:05,男性,50,新潟県上越市,0,1,-1,-1,1,-1,1,0,1,-1,0,1,0,1,1,0,-1,1
140,2024-12-04 09:47:20,女性,73,兵庫県加古郡播磨町,1,1,-1,1,1,0,0,1,0,1,0,-1,1,-1,1,1,-1,0
141,2024-11-28 06:34:19,女性,78,山梨県南巨摩郡身延町,1,0,-1,0,0,0,1,1,0,1,0,1,1,1,0,0,-1,0
142,2024-11-08 20:48:03,男性,47,東京都青梅市,0,0,-1,1,0,0,1,-1,0,1,1,1,-1,1,0,1,-1,0
143,2024-12-24 17:00:15,女性,37,千葉県千葉市緑区,1,0,-1,0,1,1,1,0,0,1,1,0,1,1,0,-1,-1,0
144,2025-01-02 20:01:32,男性,62,兵庫県神戸市灘区,1,-1,1,1,0,0,1,1,-1,-1,1,1,1,-1,0,-1,-1,0
145,2024-11-02 02:39:40,男性,88,岡山県倉敷市,1,0,1,1,-1,1,1,0,0,1,0,-1,1,1,0,0,1,0
146,2024-10-27 01:02:48,男性,28,大阪府和泉市,0,0,1,1,0,-1,1,0,0,-1,1,1,0,1,0,0,-1,0
147,2024-11-02 12:48:00,男性,18,埼玉県入間市,1,1,1,0,0,1,1,0,-1,-1,1,-1,0,1,0,1,-1,0
148,2025-01-07 18:26:17,女性,63,長崎県長崎市,0,0,1,1,-1,0,1,1,0,1,0,-1,1,1,0,0,1,0
149,2024-10-16 05:11:24,女性,62,長崎県長崎市,0,0,-1,-1,0,0,1,-1,-1,0,1,-1,1,1,0,1,-1,1
150,2024-11-28 20:30:35,女性,68,島根県松江市,0,-1,1,1,1,1,1,0,0,-1,-1,-1,0,1,0,0,-1,0
151,2024-12-21 14:45:12,女性,39,愛知県名古屋市南区,0,0,1,1,-1,0,1,0,0,-1,1,0,1,1,0,0,1,0
152,2024-11-26 14:26:22,女性,29,島根県浜田市,0,1,1,-1,1,1,-1,0,0,-1,1,1,0,1,-1,1,1,0
153,2024-12-10 21:33:33,女性,37,高知県高岡郡四万十町,1,1,1,0,0,0,0,-1,1,1,0,-1,1,1,-1,0,-1,0
154,2024-11-07 19:43:40,女性,53,山口県岩国市,0,1,-1,0,-1,0,1,-1,-1,-1,0,-1,1,1,0,0,-1,0
155,2024-10-30 02:30:45,女性,98,北海道松前郡福島町,1,0,1,1,0,0,1,1,0,-1,1,-1,1,-1,1,1,1,0
156,2024-11-07 04:52:01,男性,20,北海道小樽市,1,-1,-1,1,-1,0,1,0,1,-1,1,-1,1,-1,-1,1,-1,0
157,2024-12-28 04:43:45,女性,15,北海道勇払郡厚真町,0,1,-1,0,0,-1,1,0,0,1,1,1,0,1,1,1,-1,0
158,2025-01-09 03:51:02,男性,58,熊本県天草市,1,1,-1,1,1,0,1,0,0,-1,1,0,1,1,0,1,-1,1
159,2024-12-28 08:01:27,男性,78,長野県長野市,1,0,1,0,0,1,0,1,-1,1,0,-1,1,1,0,0,-1,-1
160,2024-11-04 05:51:34,女性,14,福岡県柳川市,1,1,1,0,0,0,0,0,0,1,1,1,1,1,1,0,-1,0
161,2024-11-17 16:34:32,男性,18,神奈川県横浜市港南区,-1,0,1,1,-1,1,1,-1,0,-1,0,-1,0,1,0,0,-1,0
162,2024-12-29 19:44:28,女性,34,兵庫県丹波篠山市,1,1,-1,0,0,-1,1,0,0,-1,1,-1,-1,-1,0,0,1,0
163,2024-11-03 02:01:49,男性,57,兵庫県南あわじ市,1,1,-1,1,0,1,1,0,0,-1,1,1,1,1,0,0,1,0
164,2024-10-29 00:43:51,男性,18,新潟県村上市,0,0,-1,1,-1,-1,1,0,0,1,0,1,1,1,0,1,1,0
165,2024-11-24 04:43:13,男性,19,愛知県清須市,1,1,-1,1,0,1,0,-1,-1,-1,0,-1,1,-1,0,0,-1,0
166,2024-11-07 00:44:51,女性,13,神奈川県藤沢市,0,1,-1,0,0,-1,1,1,0,1,1,-1,1,1,0,0,-1,0
167,2024-12-21 17:25:10,女性,63,秋田県大仙市,-1,1,1,-1,0,0,1,0,-1,1,1,-1,1,1,-1,-1,-1,-1
168,2024-11-12 03:59:54,女性,77,兵庫県神戸市中央区,0,0,-1,1,0,0,1,0,0,-1,1,1,1,-1,1,1,1,0
169,2025-01-05 22:47:04,女性,28,島根県出雲市,1,0,-1,0,0,1,1,0,0,-1,1,-1,0,1,0,1,-1,0
170,2024-12-01 21:04:40,男性,67,山口県防府市,-1,1,1,1,0,1,1,0,0,-1,1,1,0,1,-1,1,-1,0
171,2024-12-13 04:25:38,女性,11,富山県富山市,1,1,-1,-1,-1,0,1,0,-1,-1,1,0,1,1,1,1,-1,0
172,2024-11-14 08:54:36,女性,64,新潟県長岡市,-1,1,-1,1,0,1,-1,-1,-1,1,0,1,1,-1,-1,1,-1,0
173,2024-12-28 21:26:20,女性,41,茨城県神栖市,0,-1,1,1,-1,0,1,-1,0,-1,1,1,1,1,0,0,-1,0
174,2024-10-18 05:59:31,女性,38,北海道標津郡中標津町,0,1,0,1,0,0,1,0,0,1,1,0,1,0,0,0,-1,0
175,2024-11-25 17:26:54,男性,34,兵庫県神戸市灘区,1,0,-1,1,-1,0,1,0,0,-1,0,-1,1,0,0,0,-1,0
176,2024-12-20 09:59:22,男性,37,新潟県長岡市,0,1,1,0,1,0,-1,0,0,-1,1,1,0,1,0,1,-1,1
177,2024-12-08 15:49:50,男性,48,広島県広島市西区,1,1,-1,0,-1,1,1,-1,0,0,1,1,1,1,1,1,-1,0
178,2024-12-31 07:24:19,男性,54,愛知県豊田市,-1,1,-1,-1,0,-1,1,0,-1,-1,1,-1,1,1,1,1,1,1
179,2024-10-28 07:17:09,男性,36,北海道帯広市,1,1,-1,0,1,1,1,1,-1,-1,0,-1,1,-1,0,0,-1,0
180,2024-11-10 00:35:44,女性,66,千葉県勝浦市,1,1,1,1,1,0,1,0,0,-1,1,1,1,1,0,0,-1,0
181,2024-11-07 18:21:32,女性,76,奈良県生駒郡斑鳩町,0,1,-1,1,0,1,1,1,0,1,1,1,1,1,1,-1,1,1
182,2024-11-11 03:27:17,女性,84,北海道旭川市,0,1,1,1,0,0,1,0,0,-1,1,1,1,-1,0,0,-1,0
183,2025-01-01 18:24:38,女性,27,愛知県名古屋市名東区,1,0,-1,1,0,0,1,0,-1,-1,1,1,0,0,0,0,1,0
184,2024-11-19 04:17:23,女性,73,奈良県奈良市,0,1,1,-1,-1,1,1,-1,-1,0,0,1,0,1,0,1,-1,0
185,2024-10-16 10:24:38,女性,39,沖縄県沖縄市,1,-1,-1,0,1,-1,1,0,0,-1,-1,-1,0,1,0,0,-1,1
186,2024-10-22 14:09:59,女性,24,愛知県名古屋市千種区,0,0,-1,1,0,1,1,0,0,1,0,0,-1,1,0,-1,-1,0
187,2024-12-20 22:57:13,男性,94,富山県富山市,1,1,1,1,0,-1,0,-1,-1,1,1,-1,1,1,0,1,-1,0
188,2024-11-11 09:27:31,女性,37,東京都港区,0,1,-1,1,0,-1,1,0,0,1,0,1,0,1,0,0,1,0
189,2024-11-04 01:25:29,女性,71,愛知県知多市,0,1,-1,-1,-1,0,1,1,0,1,1,-1,1,1,0,0,-1,-1
190,2024-11-28 18:25:14,女性,42,新潟県三条市,1,1,1,1,0,0,1,0,-1,1,1,-1,0,1,0,1,-1,-1
191,2024-12-01 21:27:36,女性,58,神奈川県川崎市宮前区,1,-1,1,1,0,-1,1,0,1,-1,0,-1,0,0,0,1,-1,0
192,2024-12-11 00:12:00,男性,68,宮城県気仙沼市,0,-1,-1,1,-1,-1,1,1,-1,-1,1,1,1,1,1,0,-1,0
193,2024-11-27 09:10:23,男性,48,富山県中新川郡舟橋村,1,1,-1,1,0,0,0,1,-1,0,0,1,1,-1,1,0,1,0
194,2024-12-10 16:28:34,男性,50,福島県二本松市,1,0,1,1,-1,0,1,0,0,-1,1,-1,0,-1,-1,0,-1,0
195,2024-12-30 15:26:33,女性,84,静岡県沼津市,1,0,1,1,0,0,1,0,0,1,0,1,1,1,0,1,1,0
196,2024-11-09 18:39:09,女性,32,岐阜県岐阜市,0,1,-1,1,-1,0,1,0,0,1,0,1,1,0,1,1,1,-1
197,2024-10-29 17:07:35,女性,46,広島県呉市,0,-1,1,1,-1,0,0,1,-1,1,1,1,-1,0,0,0,1,0
198,2024-10-26 20:13:25,男性,95,徳島県那賀郡那賀町,1,1,-1,1,0,0,1,0,-1,1,1,1,1,1,0,1,-1,0
199,2024-11-11 03:51:02,男性,54,岐阜県高山市,0,1,-1,1,-1,1,0,0,0,1,1,1,1,0,-1,0,1,0
200,2024-12-19 19:34:27,男性,23,宮城県白石市,-1,1,1,1,-1,0,0,0,0,1,1,-1,0,1,0,0,1,0
201,2024-12-27 20:56:41,女性,85,奈良県生駒郡斑鳩町,0,1,1,1,1,0,0,1,0,-1,-1,1,1,0,0,1,-1,1
202,2024-11-06 23:34:52,男性,66,福井県福井市,0,0,-1,1,-1,0,1,0,0,-1,0,1,0,1,0,0,-1,0
203,2024-12-21 04:24:57,男性,32,岩手県奥州市,0,0,-1,0,0,0,1,0,0,1,1,-1,1,1,0,1,-1,0
204,2024-12-29 09:23:16,女性,49,愛知県丹羽郡大口町,-1,-1,0,1,-1,-1,1,0,0,1,1,0,1,1,-1,1,-1,0
205,2024-12-10 16:05:09,男性,49,北海道札幌市東区,1,1,-1,1,-1,1,1,0,-1,1,-1,-1,0,1,0,0,1,1
206,2024-12-21 16:47:30,男性,70,京都府京都市右京区,0,1,1,0,0,1,1,0,-1,-1,1,1,0,-1,0,1,1,0
207,2024-10-24 21:27:46,男性,49,福岡県北九州市若松区,0,1,1,1,-1,0,0,0,0,-1,1,-1,1,1,1,0,-1,0
208,2024-10-26 19:47:21,女性,86,滋賀県長浜市,1,1,1,0,0,-1,1,0,0,-1,1,1,1,1,0,1,-1,0
209,2024-11-15 03:05:07,女性,10,北海道岩見沢市,0,1,1,1,-1,0,-1,1,0,-1,1,-1,1,1,0,0,-1,1
210,2024-10-14 17:46:53,女性,91,新潟県柏崎市,-1,1,1,1,1,1,0,1,-1,1,0,-1,1,-1,0,-1,-1,0
211,2024-10-31 03:24:09,男性,77,京都府京田辺市,-1,1,-1,0,0,0,1,1,0,-1,1,-1,0,1,0,0,-1,0
212,2025-01-05 21:58:50,男性,20,富山県高岡市,-1,-1,-1,1,-1,1,1,0,0,1,0,0,0,1,0,0,1,0
213,2024-11-21 14:39:53,女性,52,神奈川県綾瀬市,-1,-1,-1,1,0,1,0,0,0,1,0,-1,0,1,1,0,1,0
214,2024-12-21 10:07:10,女性,95,長崎県東彼杵郡東彼杵町,1,0,1,1,0,0,1,-1,-1,-1,1,1,0,1,0,0,-1,0
215,2024-11-10 16:02:35,男性,48,愛知県岡崎市,1,0,-1,-1,-1,0,0,0,0,-1,0,1,0,1,1,0,-1,0
216,2024-11-15 04:00:22,女性,31,京都府京都市中京区,1,-1,1,1,0,0,1,1,-1,-1,1,1,1,1,-1,0,-1,1
217,2024-11-27 07:58:09,女性,50,富山県魚津市,0,1,-1,1,0,1,1,1,0,-1,1,-1,0,1,1,-1,-1,0
218,2024-12-10 19:47:10,男性,25,宮城県塩竈市,1,1,-1,-1,0,0,-1,1,-1,-1,1,1,0,1,1,1,-1,0
219,2024-11-13 18:23:32,男性,63,埼玉県川口市,1,-1,1,1,0,-1,1,0,-1,1,0,-1,1,1,-1,1,1,0
220,2024-12-17 01:06:34,女性,75,愛知県名古屋市港区,-1,0,-1,1,-1,0,0,0,0,1,1,-1,1,1,1,1,-1,0
221,2024-12-22 06:34:04,男性,57,神奈川県海老名市,0,-1,1,1,0,0,0,0,-1,-1,1,-1,1,1,0,0,-1,0
222,2024-12-27 13:09:21,女性,31,京都府亀岡市,1,1,-1,0,0,0,0,1,-1,-1,0,-1,0,-1,0,1,-1,0
223,2024-11-26 01:06:22,男性,86,広島県広島市西区,1,1,1,0,0,0,0,0,0,1,1,1,1,1,0,0,-1,0
224,2025-01-02 12:30:23,女性,33,岐阜県高山市,1,0,-1,1,0,0,0,0,0,1,1,-1,1,1,0,1,-1,0
225,2024-12-09 15:36:20,男性,32,兵庫県神戸市東灘区,1,0,1,1,0,-1,1,0,0,1,1,-1,1,-1,0,0,-1,0
226,2024-12-29 14:43:53,男性,47,埼玉県三郷市,1,0,-1,1,0,1,0,0,0,1,1,0,1,1,1,0,-1,0
227,2024-12-16 23:32:15,男性,57,熊本県玉名市,-1,0,-1,1,-1,1,1,0,-1,-1,0,1,-1,1,0,1,-1,1
228,2025-01-01 05:23:06,男性,25,福井県大飯郡高浜町,0,1,-1,-1,-1,1,-1,0,-1,1,1,1,1,-1,0,0,-1,0
229,2024-12-03 03:27:30,女性,22,宮城県加美郡加美町,-1,0,-1,-1,0,0,1,-1,0,0,0,1,0,0,1,1,-1,0
230,2024-12-07 13:21:53,女性,14,滋賀県高島市,1,1,-1,1,0,-1,0,0,0,-1,1,1,0,1,0,1,-1,0
231,2024-12-25 23:45:13,男性,68,愛知県半田市,1,0,-1,-1,0,0,1,1,0,-1,1,1,0,1,1,0,-1,0
232,2025-01-05 16:25:33,女性,14,滋賀県大津市,-1,1,-1,1,1,1,1,-1,0,1,0,1,1,1,0,0,1,0
233,2025-01-06 17:13:58,女性,16,愛知県名古屋市昭和区,1,0,-1,-1,-1,0,0,0,0,0,0,1,1,-1,1,1,-1,0
234,2024-11-08 13:40:48,男性,19,鹿児島県大島郡伊仙町,1,1,-1,1,0,-1,1,0,-1,1,1,-1,0,1,1,0,1,0
235,2024-11-03 04:08:51,女性,29,長野県中野市,-1,0,-1,1,0,0,1,0,1,-1,1,-1,0,1,0,0,-1,0
236,2024-10-24 18:04:56,男性,36,北海道岩見沢市,0,1,-1,0,-1,-1,1,0,0,1,1,1,1,1,0,0,-1,0
237,2024-10-15 09:20:38,男性,92,兵庫県三木市,0,1,1,1,0,-1,1,-1,0,1,-1,-1,-1,1,0,0,-1,0
238,2024-11-29 01:41:54,女性,77,広島県広島市安佐北区,1,0,-1,1,1,0,1,1,0,1,1,1,1,1,0,0,-1,0
239,2024-12-11 13:22:24,女性,62,鳥取県鳥取市,1,0,1,-1,-1,-1,1,-1,-1,1,0,-1,0,1,0,-1,-1,0
240,2024-11-13 15:21:47,男性,77,福井県三方郡美浜町,-1,1,-1,0,-1,0,1,1,-1,1,1,-1,0,1,0,0,-1,0
241,2024-12-16 15:50:33,女性,31,山形県鶴岡市,0,1,-1,1,-1,-1,1,0,-1,1,1,1,1,-1,0,1,-1,0
242,2024-12-31 07:29:01,男性,62,秋田県にかほ市,1,1,-1,1,1,1,1,0,0,-1,1,1,1,0,-1,-1,-1,0
243,2024-11-08 08:14:09,男性,87,山形県上山市,1,1,-1,1,-1,-1,1,0,0,-1,1,1,1,1,0,1,1,0
244,2024-10-19 15:55:09,男性,86,北海道空知郡中富良野町,0,-1,1,1,-1,0,1,1,1,-1,0,1,1,1,0,1,1,0
245,2025-01-08 10:17:10,女性,95,北海道札幌市東区,0,1,0,0,0,1,1,-1,0,0,1,-1,1,1,0,0,1,0
246,2024-10-26 02:31:17,男性,61,岡山県倉敷市,-1,1,1,1,-1,-1,1,0,0,-1,1,-1,1,-1,0,0,1,0
247,2024-12-29 08:45:29,男性,61,大阪府箕面市,1,0,-1,1,1,1,1,0,-1,-1,-1,-1,1,1,1,1,-1,0
248,2024-11-16 14:30:36,男性,97,兵庫県姫路市,0,1,1,0,0,0,0,-1,0,1,1,0,1,1,1,-1,1,0
249,2024-11-05 06:06:13,女性,67,岐阜県飛騨市,0,0,1,0,0,1,1,0,0,-1,0,1,1,0,0,0,1,0
250,2024-10-28 10:56:25,女性,56,大阪府枚方市,1,0,-1,1,1,-1,1,0,0,1,0,-1,0,1,0,1,-1,0
251,2024-12-13 09:29:38,男性,14,宮崎県東臼杵郡門川町,0,0,-1,1,1,0,1,0,1,1,1,1,0,0,0,0,-1,0
252,2024-11-24 14:13:59,男性,99,福井県福井市,0,1,1,1,-1,0,1,-1,0,1,1,1,1,0,1,0,-1,0
253,2024-12-10 16:11:45,男性,76,群馬県安中市,1,1,1,-1,1,0,1,0,1,-1,-1,1,1,-1,0,1,-1,1
254,2024-11-21 18:17:11,女性,91,山形県東置賜郡川西町,-1,1,0,1,-1,1,1,0,-1,-1,1,1,1,1,0,1,-1,0
255,2024-10-23 07:28:59,男性,58,大阪府大阪市住吉区,0,1,1,1,0,0,1,-1,1,1,1,1,1,1,0,1,1,0
256,2024-12-16 23:01:56,女性,82,三重県四日市市,0,0,0,1,0,0,1,-1,0,-1,1,1,1,1,0,0,-1,0
257,2024-11-14 17:34:18,男性,65,岡山県岡山市北区,-1,1,1,1,-1,1,0,-1,0,-1,1,1,1,-1,0,0,1,0
258,2024-10-24 07:10:25,女性,76,兵庫県丹波市,1,0,-1,0,1,0,0,0,-1,1,0,1,0,1,0,0,-1,1
259,2025-01-06 07:17:17,男性,92,愛知県高浜市,0,1,1,1,-1,1,1,0,1,1,1,1,1,-1,1,-1,-1,0
260,2025-01-06 15:00:12,男性,42,愛知県碧南市,0,1,-1,1,-1,0,1,1,0,-1,-1,1,1,0,0,0,1,0
261,2024-12-24 16:26:56,女性,24,新潟県見附市,0,0,1,0,0,-1,1,1,0,-1,1,-1,0,-1,-1,0,-1,-1
262,2024-10-24 04:32:02,女性,71,愛知県西尾市,1,0,1,-1,-1,0,-1,0,0,1,-1,0,0,1,1,0,-1,-1
263,2024-12-30 00:33:54,男性,39,富山県富山市,1,-1,0,1,1,0,0,0,0,-1,0,-1,0,1,1,0,-1,0
264,2024-11-11 04:59:29,男性,67,東京都品川区,1,1,-1,0,-1,0,1,0,1,-1,0,1,1,1,0,0,-1,1
265,2024-10-25 08:43:10,女性,94,北海道河西郡芽室町,-1,1,1,1,1,-1,0,0,-1,1,1,-1,-1,1,0,0,-1,0
266,2024-12-03 04:54:04,男性,62,千葉県千葉市花見川区,-1,1,0,1,0,0,1,-1,0,1,1,-1,1,1,0,1,1,0
267,2024-11-23 07:34:57,女性,70,島根県益田市,0,0,-1,1,1,0,1,0,0,-1,0,1,1,0,1,1,1,0
268,2024-11-11 18:38:43,女性,64,北海道根室市,1,0,-1,1,0,-1,1,0,0,1,1,-1,0,0,0,1,-1,0
269,2024-11-12 18:38:38,女性,95,京都府京都市下京区,0,1,1,1,-1,1,0,0,0,-1,1,1,1,1,0,1,-1,0
270,2024-12-06 20:20:13,男性,23,岐阜県岐阜市,0,1,-1,1,0,1,0,0,0,-1,1,1,1,1,1,-1,-1,0
271,2024-12-04 11:00:34,男性,95,大阪府東大阪市,1,1,-1,1,-1,0,1,-1,1,-1,1,1,0,1,1,0,1,0
272,2025-01-11 04:53:49,男性,32,高知県南国市,-1,1,1,1,0,0,1,1,0,-1,1,-1,1,1,1,0,-1,0
273,2024-11-25 05:01:22,女性,86,岐阜県岐阜市,1,1,-1,1,1,0,0,-1,1,1,0,1,0,-1,0,0,-1,-1
274,2024-12-02 12:24:54,男性,23,山形県長井市,1,0,-1,1,0,0,1,0,-1,-1,-1,-1,1,-1,0,0,-1,0
275,2025-01-10 05:18:38,男性,63,埼玉県さいたま市緑区,0,0,1,-1,-1,-1,1,0,-1,-1,1,1,1,1,1,1,-1,0
276,2024-11-11 22:26:35,男性,49,広島県福山市,1,1,-1,-1,-1,0,1,1,-1,0,1,1,1,1,0,0,-1,1
277,2024-11-17 12:15:08,男性,66,北海道札幌市東区,1,1,1,1,-1,1,0,0,0,-1,1,1,0,1,1,1,1,0
278,2025-01-07 07:06:28,女性,39,秋田県大仙市,1,0,-1,0,1,1,1,-1,1,1,0,-1,0,1,0,0,-1,0
279,2024-12-18 22:13:25,女性,39,静岡県周智郡森町,0,0,-1,1,-1,0,0,0,0,1,-1,-1,0,1,0,0,1,0
280,2024-12-25 10:29:11,女性,85,山口県岩国市,-1,1,-1,-1,0,0,1,0,0,-1,1,-1,0,-1,0,0,-1,0
281,2024-11-18 22:35:53,男性,82,広島県広島市佐伯区,0,1,1,1,-1,-1,0,1,0,-1,1,1,1,1,-1,-1,-1,0
282,2024-12-24 03:58:07,男性,21,北海道網走市,1,1,-1,1,1,1,1,0,-1,0,0,-1,-1,1,1,1,-1,0
283,2024-12-20 18:18:20,男性,70,北海道函館市,0,1,-1,1,0,1,1,0,-1,-1,1,-1,0,1,0,1,-1,0
284,2024-10-21 14:12:49,男性,25,静岡県静岡市葵区,-1,1,1,0,1,1,1,-1,1,1,1,-1,1,-1,0,0,1,0
285,2024-10-17 14:46:51,男性,94,長野県長野市,1,1,-1,-1,-1,-1,1,0,0,-1,1,-1,1,1,-1,0,-1,0
286,2024-11-02 06:01:54,女性,63,北海道札幌市清田区,1,0,-1,1,0,1,1,1,0,-1,0,1,0,1,0,-1,-1,0
287,2024-11-10 22:46:59,男性,63,神奈川県横浜市青葉区,0,1,-1,0,0,1,-1,0,-1,0,0,1,1,1,0,0,-1,0
288,2024-11-18 23:50:18,男性,43,鹿児島県姶良市,-1,1,-1,1,0,0,1,0,1,-1,1,1,1,1,0,0,-1,0
289,2024-12-14 00:01:42,男性,77,富山県高岡市,1,0,-1,0,1,-1,1,0,0,1,0,1,1,-1,0,0,-1,1
290,2025-01-05 04:25:15,女性,25,神奈川県茅ヶ崎市,-1,1,-1,1,0,-1,1,1,0,1,0,1,1,1,0,1,-1,0
291,2024-12-06 17:31:19,男性,58,徳島県徳島市,-1,0,1,0,-1,0,0,0,-1,1,1,1,0,1,0,0,-1,0
292,2024-11-05 05:36:01,女性,62,北海道空知郡上砂川町,-1,1,1,1,0,1,-1,-1,0,1,1,-1,1,1,-1,1,-1,0
293,2024-11-07 16:36:06,男性,69,北海道川上郡弟子屈町,-1,-1,-1,1,-1,-1,-1,0,0,1,0,-1,1,-1,1,0,1,0
294,2025-01-08 23:26:39,男性,75,千葉県市原市,1,-1,1,-1,0,0,0,0,-1,1,1,-1,1,1,0,1,-1,0
295,2024-12-02 20:09:36,女性,60,静岡県御前崎市,1,1,-1,-1,0,0,1,0,0,1,1,1,-1,1,0,0,1,0
296,2024-12-04 16:54:54,男性,37,広島県東広島市,1,0,-1,0,1,1,1,0,0,-1,1,1,1,1,1,0,-1,0
297,2025-01-10 02:39:51,男性,31,北海道留萌市,1,1,-1,1,0,-1,1,-1,-1,-1,1,1,0,1,1,0,-1,0
298,2024-12-26 22:46:43,男性,42,東京都東大和市,0,0,-1,1,-1,-1,0,0,0,1,-1,1,0,1,0,0,-1,0
299,2024-10-28 07:33:08,男性,57,静岡県静岡市葵区,1,-1,-1,1,0,0,1,-1,0,1,1,1,1,1,0,1,-1,1
300,2024-11-05 02:41:38,女性,76,富山県高岡市,0,1,-1,1,0,1,-1,0,0,-1,0,1,1,1,-1,-1,-1,1
301,2024-11-26 08:05:51,女性,26,北海道札幌市北区,-1,1,-1,1,-1,0,0,0,0,1,1,-1,1,1,0,0,-1,0
302,2024-10-18 18:35:33,男性,17,兵庫県神戸市兵庫区,0,-1,1,1,-1,0,1,0,0,0,-1,1,1,1,1,1,1,0
303,2024-12-27 12:11:47,男性,42,静岡県浜松市中央区,1,1,-1,0,-1,-1,1,1,0,-1,1,-1,1,1,1,1,-1,0
304,2024-10-16 03:27:52,女性,59,北海道札幌市北区,1,-1,1,1,0,1,1,0,0,1,-1,0,1,1,0,0,-1,1
305,2024-12-19 08:37:02,男性,83,宮城県仙台市宮城野区,1,0,1,1,0,0,1,1,1,1,0,1,0,1,0,1,-1,0
306,2024-10-18 18:12:33,女性,86,静岡県島田市,1,0,-1,1,-1,1,1,1,-1,-1,1,1,1,1,0,0,1,0
307,2024-11-22 06:43:42,男性,93,宮崎県宮崎市,0,1,-1,-1,0,0,1,0,0,-1,1,1,0,-1,0,0,-1,0
308,2024-12-01 16:23:22,女性,45,兵庫県神戸市長田区,1,1,1,1,-1,1,1,-1,0,-1,1,0,1,1,0,1,-1,0
309,2024-10-19 04:30:16,男性,45,愛知県半田市,0,0,-1,0,-1,0,1,1,1,-1,0,1,1,1,0,1,-1,0
310,2024-12-31 02:40:35,女性,22,愛知県知多郡美浜町,0,0,-1,1,-1,0,1,1,0,-1,0,1,1,1,1,0,1,0
311,2024-12-27 16:05:35,女性,80,長野県長野市,-1,1,-1,1,-1,0,1,0,0,-1,1,-1,1,1,0,1,-1,0
312,2024-11-12 07:15:47,男性,58,岐阜県土岐市,-1,0,0,1,0,0,1,1,-1,-1,1,1,1,-1,0,1,-1,0
313,2024-10-30 06:42:40,女性,44,北海道虻田郡倶知安町,0,1,-1,1,1,-1,1,0,-1,-1,1,1,1,1,0,0,-1,0
314,2024-10-15 17:45:01,男性,66,和歌山県和歌山市,1,0,1,-1,-1,-1,0,0,0,-1,1,1,1,1,1,1,-1,0
315,2024-12-16 09:18:02,男性,11,愛知県豊田市,0,1,-1,1,-1,0,0,1,0,-1,1,1,1,-1,0,0,1,0
316,2024-10-20 09:50:37,男性,89,熊本県天草市,0,1,1,1,-1,1,1,1,-1,-1,1,1,1,-1,0,0,1,1
317,2024-11-01 22:40:42,女性,44,山口県下関市,-1,1,-1,1,-1,0,1,-1,0,-1,0,1,1,1,0,0,-1,0
318,2024-11-20 17:12:55,女性,82,岐阜県安八郡輪之内町,-1,0,-1,1,0,-1,1,0,0,1,1,-1,1,1,0,1,-1,0
319,2024-12-24 16:40:56,女性,47,岡山県岡山市南区,0,1,-1,1,0,1,0,0,0,-1,0,-1,1,0,1,0,-1,0
320,2024-10-20 13:53:24,男性,57,茨城県久慈郡大子町,0,0,1,-1,-1,1,1,0,0,-1,0,-1,1,1,0,0,-1,0
321,2024-12-07 20:56:24,男性,28,石川県小松市,-1,1,-1,1,0,1,0,0,0,1,0,0,1,-1,0,1,-1,0
322,2024-11-17 04:23:35,女性,71,宮城県名取市,1,0,-1,1,0,0,1,0,0,1,0,-1,1,1,0,0,1,0
323,2024-12-31 18:23:38,女性,94,和歌山県橋本市,-1,0,-1,1,0,-1,1,1,0,-1,0,1,0,1,0,0,1,0
324,2024-11-12 06:44:25,女性,14,新潟県新潟市江南区,-1,-1,-1,1,-1,0,0,0,0,-1,-1,1,1,1,0,0,-1,0
325,2024-12-05 01:53:39,女性,67,京都府京都市西京区,-1,-1,1,1,-1,-1,1,0,0,-1,1,-1,0,1,0,0,-1,0
326,2025-01-04 19:05:01,男性,31,広島県広島市南区,1,1,1,1,0,1,1,-1,0,-1,1,1,0,1,0,1,0,0
327,2024-12-05 00:32:39,男性,66,宮城県名取市,1,1,-1,0,1,0,0,0,1,1,1,1,1,1,0,0,-1,-1
328,2024-12-15 08:17:51,女性,85,東京都江戸川区,1,0,-1,0,0,1,1,0,1,1,1,-1,1,1,0,0,-1,0
329,2024-11-07 03:06:42,男性,84,秋田県由利本荘市,1,1,1,1,0,1,1,0,-1,1,-1,-1,0,1,0,0,-1,0
330,2025-01-08 23:05:46,女性,31,岐阜県羽島郡岐南町,-1,1,-1,0,0,-1,1,0,-1,-1,1,-1,1,1,1,1,-1,0
331,2025-01-01 06:16:56,男性,13,滋賀県湖南市,1,1,-1,1,1,0,1,0,0,-1,0,-1,1,1,0,0,-1,0
332,2024-11-11 02:48:34,男性,12,京都府舞鶴市,-1,1,-1,1,0,0,0,0,0,-1,1,1,1,1,0,1,-1,0
333,2024-11-26 00:03:43,女性,34,宮城県栗原市,0,1,1,1,0,0,1,0,0,1,1,1,1,1,0,0,1,0
334,2024-12-31 14:39:24,女性,27,愛知県半田市,-1,1,-1,0,0,-1,1,0,-1,1,1,1,1,1,0,1,-1,0
335,2024-12-11 11:52:04,女性,67,青森県上北郡野辺地町,0,0,-1,1,1,-1,0,0,0,-1,0,1,1,1,0,0,-1,0
336,2024-12-15 12:31:10,女性,36,福岡県北九州市若松区,1,0,-1,1,0,0,1,-1,0,1,1,-1,1,1,0,0,-1,0
337,2024-11-16 10:35:27,女性,86,岐阜県揖斐郡大野町,1,0,-1,0,0,1,1,-1,0,0,0,0,1,0,0,0,-1,0
338,2024-11-05 23:24:04,男性,83,愛知県豊田市,1,0,-1,-1,0,1,1,0,0,1,0,1,1,1,0,0,1,0
339,2024-10-17 11:13:38,女性,25,福島県会津若松市,-1,1,-1,1,0,0,0,1,0,-1,0,1,0,1,1,1,-1,0
340,2024-11-13 10:20:23,女性,79,青森県つがる市,1,1,-1,1,0,-1,1,-1,0,1,1,-1,1,1,0,0,1,0
341,2024-12-31 08:57:54,女性,99,岐阜県飛騨市,0,1,0,1,0,0,1,-1,-1,1,0,1,1,1,1,0,0,1
342,2024-11-21 00:07:20,男性,84,和歌山県和歌山市,1,0,-1,-1,0,0,1,1,0,-1,1,-1,0,-1,1,1,-1,0
343,2024-11-06 04:16:52,女性,22,千葉県山武市,0,0,1,0,0,-1,1,0,0,-1,1,-1,1,-1,1,0,-1,0
344,2024-11-27 04:04:12,男性,81,山口県下関市,1,1,-1,0,1,0,1,0,0,1,1,1,1,1,-1,1,1,0
345,2025-01-09 11:32:30,男性,86,兵庫県川辺郡猪名川町,0,1,1,1,1,0,0,-1,0,-1,1,1,1,1,0,1,-1,0
346,2025-01-04 04:15:18,女性,51,岐阜県大垣市,-1,1,-1,1,0,-1,1,0,0,-1,1,-1,1,1,0,1,1,0
347,2024-11-18 23:03:17,男性,14,北海道釧路郡釧路町,1,1,-1,1,0,1,1,-1,0,-1,1,1,1,-1,1,0,-1,0
348,2024-10-14 23:12:15,女性,84,北海道河西郡中札内村,1,0,-1,1,-1,-1,1,0,0,1,0,1,1,1,0,0,-1,0
349,2024-11-22 03:42:22,男性,97,栃木県那須塩原市,-1,1,1,-1,-1,0,-1,0,0,-1,0,1,1,1,0,0,1,0
350,2024-11-04 03:57:12,女性,40,兵庫県尼崎市,0,0,-1,0,0,-1,1,0,-1,1,0,-1,0,1,0,0,-1,0
351,2024-12-25 17:10:11,女性,82,兵庫県尼崎市,-1,1,-1,1,0,1,1,0,-1,-1,1,-1,0,0,-1,1,-1,0
352,2024-11-05 18:36:55,男性,11,千葉県匝瑳市,0,1,-1,1,0,-1,1,1,0,1,-1,0,0,1,0,0,1,0
353,2024-12-13 22:28:53,女性,97,岩手県盛岡市,-1,1,1,1,0,0,1,0,0,1,0,-1,1,1,-1,-1,1,0
354,2024-11-13 19:03:45,男性,36,大阪府枚方市,-1,0,-1,0,-1,0,1,1,-1,1,1,-1,1,1,-1,1,1,0
355,2024-12-14 02:07:36,女性,65,鹿児島県大島郡瀬戸内町,1,0,1,1,0,0,1,0,-1,1,-1,-1,0,-1,0,1,1,0
356,2024-12-12 01:56:25,男性,52,三重県伊勢市,1,1,1,1,0,0,1,1,0,1,-1,0,-1,1,0,0,1,0
357,2024-12-11 15:06:55,女性,78,香川県高松市,1,1,-1,1,1,1,1,0,0,1,1,-1,0,1,1,1,1,0
358,2024-12-06 05:25:08,女性,76,兵庫県神戸市長田区,1,1,-1,1,0,0,0,0,0,-1,0,1,1,1,0,0,-1,0
359,2024-12-18 15:27:33,男性,36,京都府京都市中京区,0,1,-1,1,0,-1,-1,0,0,-1,1,1,0,1,1,0,-1,0
360,2024-12-29 17:41:48,男性,66,広島県三原市,1,1,-1,1,0,1,1,1,0,-1,0,1,0,1,0,1,-1,0
361,2024-10-21 13:58:03,男性,49,愛知県豊田市,1,1,-1,0,-1,0,1,-1,-1,-1,1,1,1,1,0,0,-1,0
362,2024-11-23 15:11:01,女性,96,福島県岩瀬郡鏡石町,0,1,-1,0,-1,0,1,1,0,0,1,-1,1,1,0,1,-1,0
363,2024-10-14 17:27:14,女性,14,大阪府大阪市天王寺区,-1,1,-1,1,0,-1,1,0,0,1,0,-1,1,1,0,1,1,0
364,2024-10-18 13:14:25,女性,51,大阪府守口市,1,0,-1,1,0,0,1,1,0,1,1,1,0,-1,-1,1,1,0
365,2024-10-14 13:39:38,男性,45,北海道余市郡余市町,1,1,-1,0,1,0,-1,0,0,1,1,1,1,1,0,1,-1,0
366,2024-12-26 07:04:23,女性,66,宮城県名取市,1,1,-1,0,-1,0,1,0,-1,-1,1,-1,1,1,0,1,-1,1
367,2024-11-06 19:11:34,男性,53,石川県かほく市,1,1,-1,0,1,0,1,0,-1,-1,1,-1,1,1,1,1,-1,0
368,2024-11-24 17:53:44,男性,84,愛知県津島市,1,1,1,0,-1,0,1,0,0,-1,1,-1,0,-1,0,1,-1,0
369,2024-11-11 21:47:37,女性,74,岐阜県瑞穂市,1,0,-1,1,-1,-1,1,-1,-1,1,0,0,1,1,0,1,-1,0
370,2025-01-11 03:29:25,男性,18,愛知県豊田市,0,1,1,1,0,0,1,0,0,1,1,-1,1,0,0,0,1,0
371,2024-11-21 05:06:33,女性,83,千葉県東金市,0,0,-1,1,-1,1,0,1,0,-1,-1,1,1,1,1,0,-1,0
372,2024-11-26 20:45:27,男性,71,大阪府茨木市,1,-1,-1,1,1,1,1,0,0,-1,1,-1,1,1,0,0,1,0
373,2025-01-07 06:38:06,女性,57,栃木県佐野市,1,1,1,1,0,1,1,1,0,1,0,0,1,1,0,0,-1,0
374,2024-10-25 09:17:30,男性,24,長崎県五島市,1,1,1,1,-1,-1,-1,0,0,1,1,1,1,1,0,0,-1,0
375,2024-12-20 04:34:36,男性,69,茨城県下妻市,0,0,1,0,0,1,0,0,0,1,1,0,1,1,1,1,-1,0
376,2024-11-26 21:56:16,女性,30,愛媛県松山市,-1,1,-1,1,-1,1,1,-1,-1,1,1,0,1,-1,1,1,-1,1
377,2025-01-05 08:37:42,女性,37,静岡県富士市,1,1,-1,1,0,-1,0,0,0,-1,1,1,1,1,0,1,-1,0
378,2024-11-15 14:22:59,男性,37,北海道帯広市,-1,1,-1,1,0,0,0,1,-1,1,0,-1,1,1,0,0,-1,0
379,2024-12-19 06:24:22,女性,92,山口県下関市,0,1,1,1,0,0,1,-1,0,-1,0,1,1,1,0,0,-1,-1
380,2024-11-04 23:12:01,女性,80,埼玉県三郷市,0,1,-1,0,0,1,1,0,1,1,0,-1,0,-1,0,1,-1,0
381,2024-12-13 00:45:54,男性,77,岐阜県岐阜市,1,1,1,0,0,1,1,0,0,1,1,1,-1,1,0,0,-1,0
382,2024-10-15 06:38:48,男性,12,三重県鈴鹿市,1,1,1,1,1,1,1,0,0,1,1,1,1,-1,-1,0,1,0
383,2024-10-20 09:50:11,男性,99,岐阜県下呂市,0,-1,-1,-1,-1,-1,1,0,0,-1,-1,0,0,1,0,-1,1,0
384,2024-12-15 01:26:29,女性,75,山形県長井市,1,0,1,1,0,0,0,-1,0,1,1,-1,1,1,-1,0,1,0
385,2025-01-04 04:17:57,女性,75,埼玉県行田市,1,-1,1,1,0,1,1,-1,0,1,1,-1,1,1,1,0,-1,0
386,2025-01-03 02:34:42,女性,90,愛知県碧南市,1,0,1,-1,-1,0,1,0,-1,-1,1,-1,1,0,0,1,-1,1
387,2024-10-20 01:41:23,女性,53,茨城県つくば市,1,1,-1,-1,0,1,1,0,0,-1,1,-1,1,1,0,1,-1,0
388,2024-12-19 04:06:28,女性,15,茨城県筑西市,1,-1,-1,1,1,0,1,0,0,1,0,1,1,-1,0,0,-1,0
389,2025-01-01 19:05:54,男性,78,岐阜県多治見市,1,1,1,1,0,0,0,1,-1,1,0,-1,1,1,-1,0,1,0
390,2024-10-16 21:46:37,女性,94,北海道旭川市,1,1,1,1,0,1,0,0,0,-1,0,-1,1,-1,0,0,-1,0
391,2024-12-08 07:21:42,男性,15,北海道河西郡芽室町,1,1,-1,1,1,0,0,-1,0,1,1,1,1,1,0,1,-1,0
392,2024-11-28 23:40:42,男性,82,千葉県君津市,1,1,-1,0,-1,-1,1,0,1,1,1,1,1,1,0,0,-1,0
393,2025-01-04 02:32:30,女性,30,神奈川県横浜市鶴見区,-1,-1,0,1,0,-1,1,1,0,-1,0,1,0,1,0,1,-1,0
394,2024-12-04 19:30:52,男性,15,北海道様似郡様似町,0,-1,0,0,-1,0,1,-1,0,1,1,-1,1,1,0,0,0,0
395,2024-11-11 17:26:36,男性,41,佐賀県佐賀市,0,1,-1,1,0,1,1,0,-1,-1,1,1,0,1,0,-1,-1,1
396,2024-10-20 03:26:26,男性,80,長野県長野市,1,1,-1,1,0,0,1,0,0,1,1,-1,0,0,0,1,-1,1
397,2024-12-04 21:01:31,女性,93,千葉県佐倉市,1,0,-1,1,1,-1,0,0,-1,-1,0,1,1,1,0,1,-1,0
398,2024-11-28 01:30:00,女性,78,北海道根室市,1,1,1,0,1,1,1,0,0,0,1,0,-1,-1,0,0,-1,0
399,2024-12-07 01:46:52,女性,90,北海道虻田郡倶知安町,0,0,1,1,-1,-1,1,0,0,1,1,-1,1,1,-1,1,-1,1
400,2024-11-02 01:36:53,女性,24,宮城県石巻市,1,1,-1,1,-1,1,1,0,0,-1,1,-1,1,0,0,1,-1,0
401,2024-11-01 19:48:55,男性,63,島根県鹿足郡吉賀町,0,1,-1,1,-1,0,1,0,0,-1,1,1,0,1,0,0,-1,0
402,2024-11-24 17:30:58,男性,74,長崎県諫早市,0,0,-1,1,0,0,1,0,1,1,-1,1,0,-1,0,1,-1,0
403,2024-10-28 17:52:27,女性,37,新潟県新潟市中央区,1,1,-1,1,0,0,0,0,0,-1,-1,1,0,1,0,-1,0,0
404,2024-12-15 19:42:06,女性,72,京都府福知山市,1,1,1,0,0,0,1,0,1,0,1,1,1,1,0,0,-1,1
405,2024-10-20 07:44:31,女性,34,埼玉県熊谷市,-1,1,-1,1,-1,0,1,1,0,1,1,1,1,1,0,0,-1,0
406,2024-12-14 11:28:50,女性,93,岡山県岡山市北区,0,1,-1,1,-1,1,1,1,0,1,0,1,-1,1,0,0,-1,0
407,2024-11-08 13:57:41,男性,84,北海道幌泉郡えりも町,1,1,1,1,1,0,0,-1,-1,1,1,1,1,-1,0,1,-1,0
408,2024-12-16 18:02:09,男性,55,大阪府枚方市,-1,1,-1,0,-1,-1,1,0,-1,-1,1,-1,0,-1,-1,1,-1,0
409,2024-12-13 08:07:29,男性,95,埼玉県川口市,-1,1,1,1,-1,0,1,0,0,1,1,-1,1,1,1,1,-1,0
410,2024-11-14 05:24:28,男性,80,熊本県山鹿市,1,1,-1,1,0,0,1,0,0,1,0,-1,1,1,0,1,-1,0
411,2024-12-10 15:03:55,女性,60,埼玉県さいたま市北区,1,1,-1,0,1,0,1,0,0,1,0,-1,1,1,1,0,1,0
412,2024-11-14 21:45:41,女性,20,茨城県常陸大宮市,1,0,-1,1,1,1,1,0,-1,1,1,-1,1,1,0,1,-1,0
413,2024-12-16 13:34:19,女性,96,三重県伊勢市,1,-1,-1,-1,0,0,1,0,0,1,0,1,1,-1,1,-1,-1,0
414,2024-10-17 05:37:25,男性,49,福岡県北九州市小倉北区,-1,-1,-1,-1,0,-1,0,1,0,1,0,1,1,1,0,0,-1,0
415,2024-11-04 17:09:19,男性,86,福岡県大牟田市,1,1,1,-1,1,0,1,0,0,-1,1,-1,1,1,1,1,-1,0
416,2025-01-06 19:24:20,女性,56,北海道虻田郡喜茂別町,1,1,-1,0,1,0,1,0,1,1,1,-1,0,1,-1,1,-1,0
417,2024-11-04 18:23:04,女性,62,愛知県名古屋市中川区,1,1,1,1,-1,-1,1,1,1,1,0,-1,1,1,0,0,-1,1
418,2024-11-28 06:18:47,男性,77,大阪府守口市,1,1,1,0,-1,0,1,0,0,1,1,1,1,1,0,-1,-1,0
419,2024-12-19 12:34:58,男性,40,奈良県吉野郡下北山村,1,1,-1,0,1,-1,1,0,-1,1,1,-1,1,1,1,-1,-1,0
420,2025-01-10 10:07:39,女性,15,埼玉県さいたま市見沼区,-1,1,-1,0,0,0,0,0,1,1,1,-1,1,1,0,-1,-1,0
421,2025-01-08 00:14:35,女性,23,広島県江田島市,1,0,-1,-1,1,1,1,0,0,1,0,-1,1,1,0,-1,1,0
422,2024-12-08 13:38:39,女性,40,大分県大分市,0,-1,-1,1,-1,1,-1,0,0,1,1,1,-1,1,0,0,-1,0
423,2024-12-01 12:15:08,男性,40,岐阜県羽島郡岐南町,1,0,1,1,-1,0,1,-1,0,-1,1,-1,0,1,1,1,-1,0
424,2025-01-08 01:32:17,男性,36,神奈川県足柄上郡大井町,1,1,-1,-1,0,0,-1,0,1,1,1,0,1,1,1,-1,-1,0
425,2024-12-16 19:59:51,男性,94,宮城県亘理郡亘理町,0,1,1,0,0,0,1,0,0,-1,0,1,1,-1,-1,0,1,0
426,2024-11-07 20:04:36,女性,16,岐阜県多治見市,0,-1,1,0,1,0,1,0,0,-1,0,1,1,1,1,0,-1,0
427,2024-12-13 03:15:38,男性,78,青森県八戸市,0,1,-1,1,1,-1,0,-1,-1,1,1,1,1,1,1,0,1,0
428,2024-11-02 09:35:48,女性,38,島根県松江市,1,1,1,0,-1,1,1,0,0,1,1,0,0,1,0,1,1,0
429,2024-11-11 12:33:55,女性,10,兵庫県神戸市長田区,1,0,1,1,0,0,1,0,0,-1,1,-1,0,1,0,0,-1,0
430,2024-11-05 14:09:20,女性,66,群馬県桐生市,1,-1,1,1,1,0,0,1,1,-1,0,1,-1,1,0,1,-1,0
431,2024-10-31 22:30:53,女性,86,兵庫県揖保郡太子町,1,0,1,1,0,0,1,-1,-1,-1,0,1,1,1,0,-1,-1,0
432,2024-11-23 16:40:30,女性,39,新潟県五泉市,0,0,-1,-1,0,-1,0,-1,0,1,1,1,1,1,0,0,-1,0
433,2024-10-30 00:02:50,男性,42,大分県大分市,1,0,-1,1,-1,-1,1,0,0,-1,0,1,1,1,0,1,-1,0
434,2024-10-29 01:40:46,男性,67,福岡県糸島市,-1,1,-1,1,1,0,0,0,0,-1,0,0,1,1,1,0,-1,0
435,2025-01-02 11:05:59,女性,18,神奈川県大和市,0,1,-1,1,-1,0,0,0,0,-1,1,1,0,1,-1,1,-1,1
436,2024-12-09 22:00:39,女性,93,島根県松江市,1,-1,-1,1,1,0,1,-1,0,-1,1,1,1,-1,-1,0,-1,0
437,2024-12-27 00:56:31,男性,36,福岡県大牟田市,0,1,-1,1,1,1,1,0,-1,-1,1,-1,1,1,0,1,-1,0
438,2024-11-11 09:25:19,女性,75,山梨県甲斐市,1,1,-1,-1,-1,1,0,0,0,1,1,-1,1,-1,-1,1,-1,0
439,2024-12-31 19:10:48,女性,47,愛知県名古屋市緑区,0,1,1,1,-1,0,0,0,0,-1,1,-1,1,1,0,-1,1,0
440,2024-12-03 14:00:47,男性,69,山梨県笛吹市,0,1,1,0,-1,-1,1,0,0,-1,0,1,0,1,0,0,1,0
441,2024-10-31 10:08:17,女性,21,京都府京都市伏見区,0,0,1,1,0,-1,1,0,-1,-1,1,-1,1,0,1,1,-1,1
442,2024-11-30 00:34:02,男性,43,福島県会津若松市,1,0,-1,1,1,0,1,0,-1,1,0,-1,1,1,0,0,1,0
443,2024-10-15 06:14:14,男性,91,埼玉県所沢市,0,0,1,1,0,1,1,1,0,-1,-1,1,-1,-1,1,0,1,0
444,2024-12-27 14:38:46,男性,38,高知県土佐市,1,1,-1,-1,-1,0,1,0,-1,-1,1,-1,1,1,1,0,-1,1
445,2025-01-09 03:05:58,男性,99,岩手県下閉伊郡山田町,1,0,1,1,1,1,1,0,0,-1,1,-1,1,0,-1,-1,-1,0
446,2024-12-25 02:32:53,女性,20,北海道旭川市,-1,1,1,1,0,0,1,0,0,-1,0,-1,1,1,1,-1,-1,0
447,2024-11-01 21:27:02,男性,80,大阪府富田林市,0,1,1,1,0,0,-1,0,0,1,1,-1,1,1,0,0,-1,0
448,2024-12-05 08:04:23,女性,39,神奈川県川崎市多摩区,-1,0,-1,-1,-1,1,0,0,-1,-1,1,1,0,0,0,0,1,0
449,2024-10-24 18:30:22,男性,40,北海道札幌市厚別区,1,0,-1,1,0,0,0,0,0,1,0,1,1,-1,0,0,1,0
450,2025-01-03 18:14:32,男性,43,埼玉県春日部市,1,0,-1,1,0,1,1,0,0,1,-1,1,0,-1,1,1,-1,0
451,2024-10-28 14:55:19,男性,54,長崎県南島原市,1,-1,-1,0,0,0,1,0,0,-1,1,1,1,1,0,0,-1,0
452,2024-11-20 23:27:47,女性,29,山口県下関市,0,1,1,0,-1,-1,1,0,0,-1,0,1,1,1,1,0,1,0
453,2024-11-27 11:07:27,男性,56,長崎県長崎市,1,1,-1,0,0,0,0,0,0,1,1,1,1,-1,-1,1,1,0
454,2025-01-05 02:13:34,男性,29,宮崎県延岡市,-1,0,0,-1,1,0,1,-1,0,-1,1,1,1,1,-1,1,1,0
455,2024-11-16 00:06:09,男性,58,京都府京都市上京区,0,1,-1,0,1,0,1,0,-1,1,1,1,1,-1,0,0,1,1
456,2024-12-30 06:37:06,男性,76,山口県周南市,0,-1,-1,1,0,0,1,1,1,-1,0,1,1,1,1,-1,1,1
457,2024-12-26 05:39:48,男性,44,北海道札幌市豊平区,1,1,1,0,1,1,0,0,0,-1,0,0,1,1,-1,1,1,0
458,2024-12-24 01:52:09,男性,73,広島県福山市,1,-1,1,1,0,0,1,0,0,0,1,0,0,1,0,0,1,0
459,2024-12-19 04:06:32,男性,16,兵庫県姫路市,1,0,-1,-1,1,0,1,0,1,-1,1,1,0,1,0,-1,0,-1
460,2024-11-17 20:17:15,女性,97,茨城県常総市,-1,1,0,1,-1,1,0,0,0,1,1,1,1,1,0,0,-1,0
461,2024-12-20 12:37:44,女性,89,岩手県八幡平市,0,-1,-1,-1,1,1,1,0,-1,-1,1,-1,0,1,0,1,-1,0
462,2025-01-04 04:54:13,女性,73,山口県周南市,-1,1,-1,0,-1,0,0,0,0,-1,1,1,-1,1,0,1,-1,0
463,2024-11-02 02:58:49,男性,30,岐阜県関市,-1,1,1,1,0,0,1,0,0,0,1,-1,1,1,1,0,1,0
464,2024-12-03 23:17:45,男性,15,京都府京都市東山区,1,1,-1,1,-1,-1,0,0,0,1,0,1,1,1,0,1,-1,0
465,2024-11-28 16:05:54,男性,13,奈良県宇陀市,1,1,-1,-1,1,1,1,1,0,-1,1,0,0,0,1,1,-1,0
466,2024-12-28 16:54:55,女性,60,宮城県遠田郡美里町,1,1,-1,0,0,1,0,-1,0,-1,1,-1,0,1,0,-1,1,0
467,2024-12-12 16:05:41,男性,43,福岡県京都郡みやこ町,0,1,-1,1,0,0,-1,0,-1,-1,1,1,1,1,0,0,-1,0
468,2024-12-29 14:35:48,男性,87,東京都北区,0,1,-1,1,0,0,1,1,0,-1,0,-1,0,-1,0,0,1,0
469,2024-11-10 19:20:58,女性,10,北海道帯広市,1,1,-1,1,0,-1,1,1,0,1,1,-1,1,1,1,-1,1,0
470,2025-01-06 22:53:34,女性,70,千葉県市川市,-1,1,-1,1,1,0,0,-1,-1,-1,1,1,1,1,0,1,-1,0
471,2025-01-02 02:19:22,女性,66,岩手県八幡平市,0,0,1,1,0,0,0,0,-1,-1,1,-1,1,1,1,0,-1,1
472,2024-11-03 00:44:01,女性,94,北海道河東郡鹿追町,-1,1,1,0,0,0,1,-1,0,-1,1,1,1,1,0,1,1,0
473,2024-10-28 14:26:55,男性,68,福岡県久留米市,-1,0,-1,0,0,1,1,0,0,1,0,-1,1,0,0,1,-1,0
474,2024-11-14 15:01:27,女性,55,栃木県鹿沼市,0,0,1,1,-1,0,1,-1,0,-1,1,1,1,1,0,1,-1,0
475,2024-12-24 07:23:05,女性,96,千葉県市原市,1,1,-1,1,0,0,1,0,-1,1,1,1,1,1,0,1,-1,0
476,2024-10-22 22:04:16,男性,60,大阪府池田市,1,1,1,0,0,1,0,1,0,0,-1,-1,1,-1,0,0,-1,0
477,2024-12-21 14:45:54,女性,63,愛知県春日井市,0,0,0,1,1,0,1,0,0,-1,0,1,1,1,1,0,-1,0
478,2024-10-20 18:51:39,男性,60,京都府京都市下京区,1,1,1,-1,0,1,1,1,0,-1,0,1,0,1,0,1,-1,1
479,2025-01-11 00:51:14,男性,87,岡山県津山市,1,1,-1,1,0,1,1,-1,-1,1,1,1,1,1,1,1,-1,0
480,2024-11-07 14:08:40,女性,69,兵庫県加古郡播磨町,0,1,-1,0,0,-1,0,0,0,-1,0,1,1,1,0,0,-1,0
481,2024-10-30 08:27:44,男性,82,群馬県前橋市,0,1,-1,-1,-1,1,1,0,-1,1,-1,1,0,1,0,0,-1,1
482,2024-12-11 12:33:52,男性,20,奈良県吉野郡下市町,0,1,1,1,1,1,0,0,0,1,0,-1,0,1,1,0,-1,0
483,2024-11-20 05:29:43,女性,20,神奈川県相模原市南区,0,1,-1,0,0,-1,-1,1,0,-1,1,0,1,-1,0,1,-1,0
484,2024-11-22 17:00:59,女性,58,秋田県山本郡藤里町,1,0,-1,0,-1,-1,1,-1,-1,-1,1,1,0,1,0,-1,-1,0
485,2024-10-25 06:55:48,女性,44,北海道滝川市,1,1,1,0,0,1,1,0,0,1,1,-1,1,1,1,-1,1,0
486,2024-12-29 06:17:08,男性,41,埼玉県ふじみ野市,-1,1,0,0,-1,0,1,0,0,1,1,1,0,1,-1,1,-1,1
487,2024-11-10 22:01:56,男性,63,兵庫県丹波市,1,0,-1,1,0,-1,1,-1,0,1,0,1,0,-1,0,0,-1,0
488,2024-12-03 08:39:52,女性,65,福岡県柳川市,1,1,-1,-1,1,0,0,0,-1,1,1,-1,1,1,0,1,-1,0
489,2024-12-11 03:53:15,男性,93,岡山県小田郡矢掛町,0,-1,-1,-1,0,0,1,-1,0,1,0,1,1,1,0,-1,0,0
490,2024-12-26 03:30:22,男性,94,広島県安芸高田市,1,1,-1,-1,0,0,1,1,0,0,0,-1,0,1,0,1,-1,0
491,2024-12-04 16:15:29,男性,30,兵庫県加西市,0,1,0,1,1,0,1,0,0,1,1,1,1,1,1,0,-1,0
492,2024-10-15 00:19:50,女性,67,広島県大竹市,0,-1,1,1,0,0,1,0,0,-1,1,-1,1,1,0,0,-1,0
493,2024-12-24 10:16:14,女性,58,兵庫県神崎郡神河町,-1,0,1,0,0,0,1,0,-1,-1,1,1,1,-1,0,0,-1,0
494,2024-10-13 14:10:55,男性,65,岐阜県岐阜市,1,1,1,1,0,0,1,0,0,1,1,-1,1,1,0,0,-1,1
495,2024-12-04 14:23:43,女性,27,大阪府八尾市,-1,1,1,1,-1,1,0,-1,0,-1,0,-1,0,-1,0,0,-1,0
496,2024-12-05 16:17:17,男性,84,東京都府中市,1,1,1,0,-1,0,1,0,0,-1,1,1,0,1,0,1,-1,0
497,2024-10-14 23:36:17,男性,50,岐阜県高山市,0,0,-1,0,-1,0,0,0,0,0,1,-1,1,0,0,0,1,0
498,2025-01-01 11:11:57,男性,72,神奈川県川崎市幸区,0,0,-1,0,0,0,0,0,1,-1,0,1,1,1,0,0,1,1
499,2024-12-01 00:39:52,女性,15,京都府京都市伏見区,-1,0,1,1,0,0,0,0,0,-1,1,-1,1,1,-1,0,1,0
500,2024-11-16 21:22:15,男性,83,山梨県笛吹市,1,0,-1,1,0,0,0,0,0,-1,0,-1,1,1,0,1,-1,0
501,2025-01-04 05:55:27,女性,10,熊本県天草市,1,1,0,1,0,0,1,-1,0,-1,0,1,1,1,-1,0,-1,0
502,2024-10-28 20:24:41,男性,74,千葉県千葉市緑区,1,1,-1,0,0,0,1,0,0,1,1,1,0,1,0,0,-1,0
503,2024-11-05 02:32:44,男性,95,広島県東広島市,1,1,-1,1,0,0,1,0,-1,-1,1,1,1,1,0,1,1,0
504,2024-11-25 00:31:36,女性,77,兵庫県神戸市西区,1,1,1,-1,0,1,1,0,0,-1,0,-1,1,1,0,0,-1,0
505,2024-10-30 17:44:39,男性,28,宮城県亘理郡亘理町,-1,1,-1,1,0,0,1,1,0,-1,1,1,0,-1,0,0,-1,0
506,2024-12-11 13:40:44,女性,69,大阪府松原市,-1,1,1,1,0,-1,0,0,-1,1,1,-1,1,1,0,0,1,0
507,2024-12-27 13:23:45,女性,40,北海道上川郡清水町,1,-1,-1,1,0,0,1,0,-1,-1,0,1,1,1,0,0,-1,1
508,2024-10-21 02:37:01,男性,34,茨城県牛久市,1,1,-1,1,0,1,1,0,1,1,0,0,1,1,0,0,-1,0
509,2024-10-17 01:43:02,男性,80,新潟県新潟市秋葉区,1,0,-1,1,1,1,1,1,0,-1,1,1,1,-1,0,0,-1,0
510,2025-01-01 17:46:36,女性,46,千葉県山武市,1,1,-1,1,0,1,0,1,0,1,0,1,0,1,0,0,-1,0
511,2025-01-09 20:45:05,女性,42,福井県坂井市,1,1,1,1,1,0,1,0,1,-1,1,1,1,1,0,0,1,0
512,2024-10-31 01:09:19,女性,97,福岡県糸島市,-1,0,1,1,0,0,1,-1,-1,-1,0,0,1,1,1,0,-1,0
513,2024-12-06 04:05:40,男性,30,北海道島牧郡島牧村,1,1,-1,1,1,1,1,0,0,-1,0,-1,1,1,0,0,1,0
514,2024-12-13 23:18:14,男性,94,奈良県吉野郡大淀町,1,1,-1,1,0,0,0,0,0,1,-1,1,1,-1,0,0,-1,0
515,2024-10-30 14:26:54,女性,68,北海道旭川市,1,1,1,-1,0,-1,1,-1,0,1,1,1,1,1,0,0,-1,0
516,2024-12-25 21:17:12,女性,26,北海道枝幸郡枝幸町,1,1,-1,1,0,0,1,1,-1,0,-1,1,1,-1,0,1,1,1
517,2024-12-22 17:41:49,女性,39,兵庫県神戸市灘区,1,1,1,0,0,1,0,-1,0,1,1,-1,1,1,0,0,-1,0
518,2024-10-27 11:11:25,男性,69,北海道中川郡本別町,1,1,-1,1,0,0,1,0,0,1,1,-1,1,-1,0,0,-1,1
519,2024-12-06 05:29:00,男性,41,奈良県奈良市,0,-1,-1,1,-1,0,1,0,0,-1,0,-1,-1,1,0,1,1,0
520,2024-12-09 14:17:13,女性,26,千葉県木更津市,1,1,-1,1,0,0,0,0,0,-1,1,-1,-1,1,0,1,-1,0
521,2024-12-02 05:47:53,男性,88,北海道岩見沢市,1,1,1,0,0,1,1,0,-1,-1,1,1,1,1,1,0,-1,0
522,2025-01-02 11:03:08,男性,58,東京都世田谷区,1,0,-1,1,0,-1,1,0,0,-1,1,1,1,-1,0,-1,-1,1
523,2024-12-15 17:25:51,男性,86,北海道石狩郡新篠津村,1,0,-1,1,0,1,-1,0,0,-1,0,1,1,1,0,-1,-1,0
524,2024-12-05 15:22:02,男性,44,兵庫県三田市,1,1,1,1,-1,0,1,0,0,-1,0,1,0,1,0,0,-1,1
525,2024-12-28 23:28:10,女性,83,愛知県田原市,-1,1,-1,-1,0,0,1,-1,0,1,1,1,0,1,0,0,-1,1
526,2024-12-18 09:50:24,女性,79,北海道恵庭市,1,1,1,1,-1,0,1,0,0,1,0,1,0,1,-1,0,-1,0
527,2024-11-16 01:03:04,男性,99,新潟県加茂市,0,-1,-1,0,0,0,-1,1,0,-1,1,-1,1,-1,1,1,1,0
528,2024-11-23 04:41:06,女性,46,福岡県遠賀郡岡垣町,1,1,-1,0,0,0,1,0,0,-1,1,0,1,-1,0,1,-1,0
529,2024-12-09 23:21:59,女性,52,三重県鈴鹿市,1,-1,-1,1,1,0,1,-1,0,0,1,1,-1,1,0,0,-1,0
530,2024-11-11 16:31:41,男性,83,山口県宇部市,1,1,-1,0,0,0,1,0,0,1,0,-1,0,-1,0,1,-1,0
531,2024-10-31 01:20:15,女性,23,兵庫県神戸市東灘区,0,1,-1,1,0,0,-1,0,-1,-1,1,-1,1,1,0,0,-1,0
532,2024-10-16 22:43:00,男性,35,愛知県名古屋市中村区,1,1,-1,1,-1,0,1,0,-1,1,1,-1,1,1,0,1,-1,1
533,2024-10-22 13:40:40,女性,84,福井県福井市,-1,1,-1,1,0,0,0,0,0,-1,1,1,1,1,0,0,1,1
534,2024-12-07 15:36:31,女性,60,兵庫県淡路市,-1,1,-1,1,1,1,1,-1,0,-1,0,-1,0,1,1,0,-1,0
535,2024-11-13 03:59:34,男性,86,北海道赤平市,-1,0,-1,1,0,1,0,0,-1,1,0,1,1,-1,-1,0,-1,0
536,2024-11-03 22:15:18,女性,46,栃木県栃木市,0,1,-1,0,0,1,1,0,-1,1,-1,-1,1,-1,0,0,1,0
537,2024-11-20 21:02:04,男性,62,岩手県奥州市,0,0,-1,1,0,0,1,0,0,-1,0,-1,1,1,0,1,-1,0
538,2024-12-22 07:01:53,女性,14,北海道旭川市,0,1,-1,1,0,-1,1,1,0,0,1,-1,1,1,1,0,-1,0
539,2024-11-14 07:12:25,女性,31,島根県松江市,0,1,-1,1,0,1,1,0,-1,1,0,-1,1,1,-1,0,0,1
540,2025-01-04 13:26:00,女性,65,福島県西白河郡矢吹町,1,-1,1,1,-1,-1,1,1,-1,1,0,1,1,1,-1,1,-1,0
541,2024-12-21 22:25:40,男性,54,京都府京都市西京区,-1,0,1,1,1,1,1,1,1,1,1,0,0,1,0,1,-1,0
542,2025-01-07 14:52:53,女性,87,大阪府堺市南区,0,1,-1,1,1,0,1,0,0,1,1,1,1,1,0,0,1,0
543,2024-11-02 22:55:07,男性,76,福岡県北九州市八幡東区,1,1,1,1,0,0,1,1,0,0,0,-1,1,1,0,-1,-1,1
544,2024-12-12 00:49:47,女性,14,大阪府交野市,-1,1,-1,0,1,0,1,0,-1,1,1,-1,0,-1,0,1,1,0
545,2024-11-11 21:05:34,男性,40,茨城県潮来市,0,1,-1,1,0,0,1,0,0,-1,1,1,-1,1,0,0,0,1
546,2024-12-15 00:33:11,女性,82,北海道上川郡清水町,1,1,-1,-1,0,-1,0,1,0,-1,1,0,0,1,-1,0,-1,0
547,2025-01-07 00:49:33,女性,91,北海道札幌市北区,1,1,1,0,1,-1,0,0,0,-1,1,-1,1,1,0,1,-1,0
548,2024-11-13 11:01:45,男性,37,北海道標津郡中標津町,0,0,1,-1,1,0,1,0,0,-1,0,1,1,1,1,1,-1,0
549,2024-10-26 01:37:27,女性,19,北海道旭川市,0,0,-1,0,0,-1,1,-1,0,1,1,-1,1,1,1,-1,-1,0
550,2024-12-29 20:56:05,男性,59,北海道広尾郡広尾町,0,0,-1,0,-1,0,1,0,0,1,0,1,-1,-1,0,1,-1,0
551,2024-11-06 15:59:22,女性,79,宮城県岩沼市,-1,1,-1,1,-1,1,1,0,-1,1,1,1,1,1,1,0,-1,0
552,2024-10-25 17:53:49,女性,28,茨城県水戸市,0,1,-1,1,0,-1,1,0,0,1,1,1,0,1,0,1,1,0
553,2024-10-17 13:33:52,男性,62,長崎県平戸市,1,-1,1,0,0,0,0,0,0,1,0,-1,1,1,0,0,-1,0
554,2024-10-25 09:38:15,女性,76,千葉県山武郡横芝光町,1,1,-1,0,-1,0,1,0,1,1,0,1,-1,1,-1,0,-1,0
555,2024-10-30 21:46:26,男性,67,埼玉県東松山市,1,1,-1,1,0,0,1,0,0,1,1,1,1,1,0,1,1,0
556,2025-01-08 09:51:54,女性,86,岩手県二戸市,0,1,1,1,-1,0,0,0,0,1,1,-1,1,-1,1,0,1,1
557,2025-01-08 22:58:44,男性,76,香川県香川郡直島町,1,1,1,-1,0,-1,1,-1,-1,-1,0,-1,1,1,1,0,-1,0
558,2024-11-25 15:00:16,女性,30,長野県南佐久郡南相木村,0,1,-1,1,0,0,0,-1,0,0,1,1,1,1,-1,0,-1,0
559,2024-11-09 12:30:55,男性,30,熊本県天草市,-1,1,1,0,0,-1,0,0,0,0,1,1,1,1,0,0,0,0
560,2024-10-25 12:20:53,男性,52,岐阜県各務原市,-1,1,-1,1,1,0,0,-1,0,-1,1,-1,0,0,0,0,-1,0
561,2024-11-11 13:04:24,男性,64,山口県周南市,1,0,1,1,0,0,1,0,-1,1,1,-1,1,1,0,0,-1,0
562,2024-10-18 20:07:59,男性,78,茨城県常総市,0,0,-1,1,1,1,1,0,-1,0,-1,1,1,1,0,0,-1,0
563,2024-12-04 02:12:22,女性,43,岡山県新見市,1,0,1,1,-1,0,0,1,0,1,1,-1,1,1,0,0,1,0
564,2024-10-20 19:26:18,女性,76,北海道広尾郡広尾町,1,0,-1,0,0,1,1,0,0,1,1,0,1,1,0,1,-1,0
565,2024-11-19 08:35:02,女性,64,兵庫県丹波市,1,1,-1,1,0,0,-1,1,0,-1,1,-1,1,-1,0,0,-1,0
566,2024-12-15 08:58:28,女性,87,大阪府泉南市,1,-1,0,1,0,0,0,-1,0,1,0,1,1,1,0,0,-1,0
567,2024-10-25 12:47:40,女性,96,愛知県名古屋市昭和区,1,1,1,1,-1,0,0,0,-1,-1,1,-1,0,1,-1,0,-1,1
568,2024-12-21 05:33:44,女性,45,愛媛県松山市,-1,0,1,-1,0,0,0,-1,0,-1,1,-1,1,0,-1,0,-1,0
569,2024-10-22 11:28:09,女性,55,北海道紋別市,0,1,1,1,0,1,0,0,-1,-1,1,-1,1,-1,-1,1,0,0
570,2024-12-03 20:15:03,男性,73,静岡県静岡市駿河区,0,1,1,0,0,0,1,0,0,1,0,-1,1,-1,1,0,-1,0
571,2024-12-31 09:13:22,女性,79,北海道釧路市,1,0,1,1,0,0,1,0,-1,1,1,1,0,0,-1,1,-1,0
572,2024-10-20 23:51:46,女性,94,北海道札幌市東区,1,1,-1,-1,0,1,0,0,1,-1,1,1,1,1,1,0,1,0
573,2025-01-11 04:42:00,女性,94,大阪府大阪市城東区,-1,1,0,0,0,1,1,-1,-1,-1,1,1,1,0,1,0,1,0
574,2024-11-05 14:57:41,女性,52,新潟県新潟市北区,-1,0,1,1,1,1,0,0,-1,-1,1,1,1,1,0,0,-1,0
575,2024-12-02 16:27:15,男性,26,千葉県八千代市,0,-1,-1,1,1,0,1,0,0,-1,-1,0,1,1,0,-1,1,1
576,2024-12-30 08:36:21,女性,80,北海道野付郡別海町,0,1,-1,0,0,0,1,0,0,1,1,-1,0,1,0,-1,-1,0
577,2024-10-24 17:28:52,女性,73,愛知県長久手市,1,1,1,1,0,0,1,0,-1,1,1,-1,1,0,0,1,-1,0
578,2024-12-29 22:40:04,女性,60,岩手県一関市,-1,1,-1,-1,0,0,1,-1,-1,-1,0,-1,1,-1,0,1,-1,0
579,2024-10-16 16:24:32,男性,63,愛知県名古屋市天白区,0,1,-1,0,0,0,1,0,0,-1,1,-1,1,0,0,0,-1,0
580,2024-10-20 00:42:47,女性,25,静岡県掛川市,0,0,-1,0,1,0,0,0,0,1,1,1,1,-1,1,1,1,0
581,2024-10-28 01:29:03,男性,93,茨城県取手市,1,1,1,1,0,-1,1,1,0,1,1,1,-1,1,0,1,-1,0
582,2024-11-21 19:28:12,女性,65,茨城県龍ヶ崎市,0,0,1,0,0,1,1,0,-1,1,1,-1,0,1,0,0,1,0
583,2024-12-22 05:19:57,男性,30,兵庫県豊岡市,0,1,1,1,1,0,1,0,0,-1,-1,1,0,1,1,1,-1,1
584,2024-11-30 08:09:56,女性,19,福岡県朝倉郡東峰村,1,0,-1,1,1,0,1,0,0,-1,1,1,0,1,0,1,-1,0
585,2024-10-14 01:37:05,男性,44,北海道美唄市,0,1,-1,1,0,1,1,1,-1,1,1,1,1,0,0,0,-1,1
586,2024-11-10 23:11:39,男性,62,福島県福島市,1,0,-1,0,1,1,0,-1,-1,-1,1,1,1,1,0,1,-1,0
587,2025-01-03 17:19:30,男性,89,福岡県福岡市東区,-1,1,0,1,-1,-1,1,1,0,-1,0,1,1,0,0,0,-1,0
588,2024-11-10 21:12:14,男性,34,茨城県ひたちなか市,1,0,1,1,0,0,0,0,1,-1,0,-1,1,1,-1,0,1,0
589,2024-11-01 06:49:58,女性,71,富山県富山市,0,1,1,0,0,0,0,0,0,1,-1,-1,1,1,-1,0,-1,0
590,2024-12-13 11:51:11,男性,52,福岡県北九州市門司区,0,1,-1,0,1,1,1,1,0,-1,1,-1,1,0,0,0,1,0
591,2024-10-29 08:12:15,男性,89,大阪府堺市堺区,1,1,1,1,0,0,1,0,0,-1,1,-1,1,1,0,0,-1,0
592,2024-10-21 08:28:43,女性,80,山梨県甲斐市,1,-1,1,1,1,0,-1,0,1,1,1,1,1,1,0,0,-1,0
593,2024-12-03 23:50:34,男性,25,山口県下松市,1,0,-1,0,0,1,0,0,0,-1,-1,-1,1,1,1,0,-1,0
594,2024-11-09 03:53:02,男性,30,愛知県高浜市,1,0,1,-1,-1,1,1,0,-1,1,1,1,0,1,0,0,-1,0
595,2024-12-29 08:55:22,女性,83,福岡県福岡市東区,1,1,-1,0,1,0,1,0,-1,-1,-1,1,1,1,1,0,-1,0
596,2024-11-28 05:19:19,女性,96,北海道十勝郡浦幌町,-1,0,1,1,1,0,1,0,-1,1,0,-1,1,1,-1,0,-1,0
597,2024-11-14 17:42:22,男性,83,兵庫県神戸市長田区,-1,1,-1,1,0,0,0,0,0,1,0,1,1,1,0,0,-1,0
598,2024-12-22 11:08:17,女性,67,山形県山形市,0,0,1,0,1,-1,1,0,-1,1,1,-1,1,1,-1,1,-1,0
599,2024-12-29 06:20:38,男性,37,北海道枝幸郡浜頓別町,-1,1,-1,-1,1,1,0,0,-1,1,1,1,0,0,1,0,-1,0
600,2025-01-10 20:36:54,男性,55,石川県金沢市,0,0,-1,1,0,0,1,1,-1,-1,0,-1,1,1,0,1,-1,0
601,2024-10-20 05:32:00,男性,54,広島県広島市安佐北区,-1,0,-1,0,-1,-1,1,-1,0,1,1,-1,0,1,0,1,-1,0
602,2025-01-03 13:32:08,男性,39,宮城県刈田郡七ヶ宿町,0,0,1,1,0,-1,0,1,0,1,1,1,1,1,0,0,-1,0
603,2024-10-18 17:58:43,女性,78,北海道釧路郡釧路町,-1,0,-1,1,-1,1,1,0,0,-1,1,1,1,1,1,1,-1,0
604,2024-12-30 18:20:34,女性,85,福井県敦賀市,1,1,-1,-1,1,0,1,1,0,1,1,-1,1,1,-1,0,-1,0
605,2024-10-14 11:58:12,男性,33,宮城県石巻市,-1,1,-1,1,-1,1,1,1,0,1,1,-1,0,1,0,0,-1,0
606,2024-11-04 15:38:27,女性,86,青森県八戸市,1,0,-1,-1,1,-1,1,-1,0,1,-1,1,1,1,0,0,-1,0
607,2024-12-16 09:40:48,男性,79,東京都千代田区,1,0,1,1,0,1,1,-1,-1,1,0,-1,1,1,0,1,-1,0
608,2024-10-20 13:34:49,男性,93,茨城県石岡市,1,1,-1,1,-1,0,1,0,0,-1,1,1,1,1,0,0,1,0
609,2024-11-27 00:08:38,女性,32,静岡県静岡市清水区,1,1,-1,0,1,1,0,1,0,1,0,-1,1,1,0,1,-1,0
610,2024-10-21 20:45:00,女性,89,山形県寒河江市,1,1,-1,0,0,1,1,-1,0,1,1,-1,1,-1,0,1,0,-1
611,2024-11-23 21:02:34,女性,79,奈良県磯城郡田原本町,1,1,1,0,1,1,0,-1,0,-1,0,-1,0,0,0,0,-1,0
612,2025-01-06 07:18:29,男性,43,北海道函館市,-1,1,-1,1,1,-1,1,1,0,-1,1,1,1,1,0,1,1,0
613,2024-12-09 12:45:32,男性,75,北海道中川郡美深町,1,1,-1,1,0,1,1,0,-1,1,1,-1,1,1,0,1,-1,1
614,2024-10-16 02:16:15,女性,43,愛知県碧南市,1,1,-1,0,0,0,1,0,-1,-1,1,1,0,1,0,0,1,0
615,2024-11-14 15:15:57,男性,17,山口県宇部市,0,1,1,1,0,0,1,1,0,-1,1,1,0,-1,0,1,-1,0
616,2024-11-22 07:07:04,男性,62,宮城県仙台市青葉区,1,1,-1,1,0,0,1,0,1,-1,1,-1,1,1,0,0,1,0
617,2024-12-04 00:10:37,女性,43,福島県双葉郡川内村,1,0,1,1,1,0,1,1,0,-1,1,1,1,-1,0,0,-1,0
618,2024-12-23 10:43:58,女性,96,北海道河東郡鹿追町,1,1,1,-1,1,1,0,0,0,1,1,-1,0,-1,0,0,-1,1
619,2024-11-06 18:32:46,男性,65,大阪府泉大津市,1,1,1,1,1,1,1,-1,-1,-1,1,1,0,-1,0,0,-1,0
620,2024-10-18 03:22:42,女性,34,新潟県新発田市,-1,-1,-1,0,0,0,1,0,1,-1,-1,-1,1,0,-1,-1,1,-1
621,2024-12-15 15:56:44,男性,47,岐阜県関市,1,1,-1,1,1,0,1,1,0,-1,1,1,1,1,0,0,-1,0
622,2025-01-01 22:30:54,女性,28,高知県高知市,0,1,-1,-1,0,0,1,0,-1,-1,1,1,-1,1,0,0,-1,0
623,2024-12-01 18:07:07,男性,15,兵庫県神戸市垂水区,0,1,-1,-1,0,0,1,0,0,-1,1,-1,1,1,0,1,-1,1
624,2024-12-21 09:24:20,女性,35,福岡県北九州市八幡西区,0,1,-1,1,0,1,0,0,0,-1,0,-1,1,0,-1,1,-1,0
625,2024-10-19 14:27:23,女性,96,兵庫県たつの市,1,1,-1,1,0,0,0,1,-1,1,1,-1,1,1,1,0,-1,0
626,2024-11-03 17:53:22,女性,60,福井県吉田郡永平寺町,1,1,1,1,-1,0,1,0,0,-1,1,1,1,1,0,0,-1,0
627,2024-10-16 07:53:12,男性,68,北海道夕張市,1,-1,1,-1,0,-1,1,0,1,0,1,1,-1,0,0,1,-1,1
628,2024-12-21 03:49:41,男性,62,愛知県名古屋市昭和区,1,0,-1,1,0,-1,0,0,0,-1,0,0,0,1,0,1,1,0
629,2024-12-04 16:19:39,男性,84,和歌山県和歌山市,0,0,-1,0,1,0,1,0,0,-1,1,1,1,1,0,0,1,0
630,2024-12-06 17:39:04,女性,67,岐阜県岐阜市,-1,1,-1,1,0,1,1,1,0,1,0,-1,1,1,1,0,-1,0
631,2025-01-01 14:02:59,女性,78,和歌山県新宮市,0,1,1,1,0,1,0,0,0,1,-1,1,1,0,0,-1,-1,0
632,2024-10-28 08:02:52,女性,33,兵庫県姫路市,1,0,1,1,0,0,0,0,-1,-1,-1,1,0,1,0,0,-1,0
633,2024-11-10 12:49:57,女性,55,愛知県豊田市,1,0,-1,-1,1,0,0,1,0,-1,0,1,1,1,0,0,-1,0
634,2024-11-18 19:08:00,男性,55,宮崎県日南市,0,0,-1,1,0,1,0,0,1,-1,0,1,1,-1,0,0,-1,0
635,2024-12-19 04:07:06,男性,16,大阪府豊中市,1,1,-1,1,-1,0,1,-1,0,1,0,-1,1,0,0,0,-1,0
636,2024-12-15 23:26:15,女性,14,茨城県桜川市,1,0,1,1,0,0,0,0,0,1,0,-1,0,1,0,-1,-1,0
637,2024-12-26 14:14:21,女性,10,兵庫県神戸市長田区,-1,1,1,0,0,0,0,1,0,-1,0,-1,-1,1,0,-1,-1,1
638,2024-12-23 23:31:50,女性,93,新潟県長岡市,1,1,-1,1,1,0,1,-1,0,-1,1,1,1,1,0,-1,-1,-1
639,2025-01-07 21:09:56,男性,42,富山県高岡市,1,0,-1,1,0,1,1,0,0,-1,1,-1,0,1,0,0,-1,1
640,2024-10-27 10:20:18,女性,46,新潟県柏崎市,1,0,-1,0,-1,0,1,-1,-1,-1,1,-1,0,1,1,0,-1,0
641,2024-12-17 22:19:56,男性,94,宮崎県東臼杵郡美郷町,0,1,-1,1,0,1,1,0,1,1,1,1,1,1,0,0,1,0
642,2024-11-19 12:53:26,男性,50,新潟県新潟市中央区,1,1,1,1,0,1,1,0,-1,-1,1,-1,1,1,0,1,1,0
643,2024-12-10 23:36:24,女性,12,北海道帯広市,1,1,-1,1,1,-1,1,1,-1,1,1,-1,0,0,0,0,-1,0
644,2024-11-16 13:47:16,女性,55,山形県西置賜郡小国町,1,1,1,1,0,1,1,0,0,0,0,-1,1,0,-1,1,-1,0
645,2024-11-17 23:04:29,男性,30,大阪府富田林市,1,0,1,-1,0,1,0,0,0,1,1,0,0,1,1,1,-1,1
646,2025-01-03 01:43:26,男性,78,北海道帯広市,0,0,-1,1,1,0,0,-1,0,1,0,1,1,-1,0,-1,-1,0
647,2024-11-12 12:17:41,男性,80,岐阜県大垣市,0,-1,1,-1,0,-1,1,0,-1,-1,1,-1,0,1,0,0,-1,0
648,2024-12-07 06:56:10,男性,75,兵庫県伊丹市,-1,1,-1,1,0,-1,1,0,0,1,0,1,1,1,0,1,-1,0
649,2024-11-29 09:28:33,女性,84,長野県南佐久郡南相木村,1,0,1,0,1,1,-1,0,0,1,1,1,1,1,0,-1,-1,0
650,2024-10-24 17:38:14,男性,46,北海道砂川市,-1,1,1,-1,0,0,1,1,0,-1,0,1,1,0,0,1,1,0
651,2024-12-04 13:54:06,女性,17,茨城県守谷市,0,-1,1,1,-1,1,1,0,0,1,1,1,0,1,0,0,-1,0
652,2024-12-28 16:48:09,女性,11,岐阜県多治見市,0,0,-1,0,0,0,0,1,0,1,1,-1,-1,-1,1,1,-1,1
653,2024-11-25 21:01:52,女性,98,千葉県松戸市,1,0,-1,-1,1,1,-1,-1,0,1,1,1,1,1,0,0,-1,0
654,2024-12-28 04:44:39,女性,34,北海道名寄市,-1,0,-1,1,1,-1,1,-1,0,1,1,1,0,1,0,1,-1,0
655,2024-12-14 14:22:35,女性,76,兵庫県神戸市東灘区,0,1,-1,0,1,0,1,-1,-1,-1,-1,0,0,1,0,0,-1,-1
656,2024-12-09 17:20:14,女性,62,愛知県岡崎市,-1,1,-1,1,-1,1,1,0,0,1,1,-1,0,1,-1,0,1,0
657,2024-12-14 07:55:31,女性,74,大阪府大阪市中央区,1,0,-1,0,1,-1,1,0,0,1,1,1,1,1,0,0,-1,0
658,2024-11-26 17:31:55,女性,90,山口県山陽小野田市,-1,1,-1,1,-1,-1,1,0,0,-1,0,1,1,1,0,0,1,0
659,2024-11-29 07:28:41,女性,66,兵庫県神崎郡福崎町,0,1,-1,1,0,0,1,0,0,1,0,-1,1,1,1,-1,1,0
660,2024-10-29 08:41:26,男性,30,岐阜県大垣市,0,0,-1,1,1,0,0,0,-1,1,1,1,0,1,0,1,-1,0
661,2024-12-04 13:50:45,男性,63,東京都東久留米市,-1,1,1,1,-1,1,0,0,0,1,1,1,0,1,0,0,-1,0
662,2024-12-23 06:09:28,男性,89,愛知県安城市,0,1,1,1,0,1,0,0,0,1,1,-1,1,1,0,0,1,0
663,2024-10-16 21:45:58,男性,38,石川県小松市,-1,1,-1,1,0,-1,0,0,0,-1,1,1,0,1,0,0,-1,0
664,2024-12-21 09:45:15,女性,24,北海道札幌市白石区,1,1,-1,1,0,0,1,1,0,1,0,-1,1,1,1,0,-1,0
665,2024-12-18 10:55:23,男性,25,愛知県稲沢市,1,1,-1,1,-1,1,1,1,-1,-1,1,1,0,1,1,1,0,0
666,2024-11-21 23:56:06,女性,53,岐阜県各務原市,1,0,1,1,1,0,1,0,-1,-1,1,-1,1,1,0,0,-1,0
667,2024-12-03 04:19:29,女性,25,茨城県石岡市,1,1,1,1,0,0,1,-1,-1,-1,1,1,0,1,0,1,-1,0
668,2024-11-08 03:27:05,男性,64,佐賀県佐賀市,1,1,1,1,0,-1,1,1,-1,1,-1,1,1,1,-1,0,-1,0
669,2024-12-02 14:06:44,女性,81,石川県加賀市,1,0,-1,0,0,0,-1,0,-1,1,0,-1,0,-1,1,1,1,0
670,2024-12-11 08:51:58,男性,59,滋賀県草津市,0,0,-1,1,-1,-1,1,0,-1,1,-1,1,1,1,0,-1,-1,0
671,2024-10-23 03:49:29,女性,83,奈良県奈良市,0,0,-1,1,1,1,1,0,-1,1,1,0,1,1,0,1,1,0
672,2024-11-11 07:31:59,女性,75,静岡県藤枝市,0,1,1,1,1,-1,1,1,0,1,1,1,1,-1,1,0,-1,0
673,2024-12-25 18:49:28,男性,13,香川県高松市,1,0,-1,1,0,1,1,0,-1,1,0,-1,0,1,0,0,-1,1
674,2024-11-23 02:27:56,男性,30,三重県伊勢市,-1,0,-1,0,0,1,1,0,0,-1,1,1,0,0,0,0,-1,0
675,2024-12-05 05:48:47,女性,41,静岡県浜松市中央区,1,1,-1,1,-1,0,1,0,0,1,1,1,0,1,0,0,-1,1
676,2024-12-01 18:14:56,女性,15,愛知県稲沢市,-1,0,-1,1,0,1,1,-1,0,-1,0,1,1,1,0,1,1,0
677,2024-11-13 12:17:35,女性,87,福岡県北九州市戸畑区,1,0,1,1,0,-1,0,-1,0,1,1,0,1,1,0,0,-1,0
678,2024-11-04 12:34:07,男性,74,奈良県葛城市,1,0,1,1,1,0,1,0,0,-1,1,1,1,-1,-1,0,-1,1
679,2024-12-31 03:35:35,男性,92,福岡県福岡市早良区,1,1,1,1,0,1,0,0,0,-1,0,1,1,1,0,0,-1,0
680,2024-10-23 17:37:27,女性,92,愛知県津島市,0,0,1,1,-1,0,1,0,0,-1,1,1,1,-1,0,0,1,0
681,2024-12-25 13:45:14,女性,52,熊本県八代市,-1,1,-1,1,0,-1,1,0,1,-1,1,1,0,1,0,0,-1,0
682,2024-12-10 21:16:45,男性,32,青森県つがる市,-1,1,-1,1,0,0,1,1,0,1,1,1,1,1,0,0,1,0
683,2024-12-20 19:12:42,男性,88,大阪府枚方市,0,1,1,0,1,1,1,0,0,1,0,1,1,1,1,0,-1,0
684,2024-12-09 13:48:24,女性,48,北海道枝幸郡中頓別町,1,0,1,1,1,-1,1,0,0,-1,0,1,0,-1,1,0,-1,0
685,2024-11-20 03:35:30,女性,47,岐阜県岐阜市,0,0,-1,1,0,-1,1,0,1,1,1,-1,1,1,0,1,-1,0
686,2024-12-02 01:48:22,男性,79,岐阜県各務原市,-1,1,-1,1,0,0,1,1,0,1,0,1,1,-1,1,1,-1,0
687,2024-12-22 17:34:17,男性,92,茨城県水戸市,0,1,1,-1,1,1,0,0,0,-1,0,1,1,1,0,1,-1,0
688,2025-01-07 18:21:57,男性,84,北海道標津郡中標津町,1,1,-1,1,0,0,1,0,0,1,0,-1,0,1,0,1,0,0
689,2025-01-09 13:04:33,男性,67,神奈川県横浜市金沢区,1,0,1,0,0,0,1,0,-1,0,1,1,1,0,0,0,1,0
690,2024-11-18 02:25:52,女性,46,大阪府大阪市此花区,0,1,-1,0,0,1,1,-1,-1,1,0,-1,1,1,1,0,-1,0
691,2024-12-06 02:32:52,女性,41,広島県広島市中区,1,0,-1,1,1,0,1,0,-1,-1,0,-1,1,-1,0,0,-1,1
692,2024-12-21 11:47:35,女性,50,大阪府大東市,0,0,1,1,-1,1,1,-1,0,-1,0,1,0,1,0,0,-1,0
693,2024-12-17 07:58:06,女性,40,神奈川県横浜市中区,-1,1,-1,1,1,0,1,1,0,-1,1,1,1,1,0,0,-1,0
694,2024-12-07 16:31:10,女性,37,兵庫県西宮市,0,1,-1,0,-1,0,1,1,0,1,-1,-1,1,-1,0,1,1,0
695,2024-12-22 00:29:08,女性,77,栃木県那須塩原市,0,-1,-1,1,0,0,1,0,0,-1,0,1,0,1,-1,0,-1,0
696,2025-01-01 04:27:24,女性,33,三重県津市,-1,1,-1,1,0,-1,1,0,-1,-1,0,1,0,1,0,0,-1,0
697,2024-11-18 10:39:47,女性,16,北海道虻田郡京極町,1,1,1,-1,-1,0,1,1,0,-1,-1,1,1,1,0,0,1,0
698,2024-11-17 23:16:34,男性,23,愛知県知立市,0,1,-1,1,0,1,1,1,1,1,0,-1,0,1,0,0,1,0
699,2024-12-06 21:24:21,女性,26,北海道旭川市,0,0,1,-1,0,0,1,-1,0,-1,1,-1,1,1,-1,0,-1,0
700,2024-12-28 12:39:33,女性,76,福岡県北九州市八幡西区,-1,1,0,0,-1,0,1,0,0,-1,-1,-1,1,1,0,-1,-1,0
701,2024-12-25 03:23:04,男性,28,沖縄県中頭郡北谷町,-1,1,-1,1,0,1,0,0,0,-1,0,-1,1,-1,1,0,-1,0
702,2025-01-04 07:40:24,女性,89,長野県中野市,-1,1,-1,1,-1,0,1,0,0,-1,1,-1,0,-1,1,1,-1,1
703,2024-12-20 01:28:55,女性,84,東京都青梅市,0,1,-1,1,-1,1,0,0,0,-1,0,1,1,1,0,0,-1,0
704,2024-11-28 23:07:31,女性,65,千葉県市川市,1,0,-1,1,0,-1,1,1,0,-1,1,-1,1,1,1,0,-1,0
705,2024-12-21 13:31:50,女性,86,北海道上川郡清水町,1,-1,-1,1,1,1,1,0,0,-1,1,1,1,1,0,0,1,0
706,2024-12-05 06:46:12,女性,37,新潟県十日町市,1,1,1,0,0,-1,1,0,1,-1,1,-1,1,1,-1,0,-1,0
707,2024-12-17 14:50:19,男性,95,北海道名寄市,0,1,-1,1,-1,0,1,0,0,1,0,-1,0,-1,0,0,1,0
708,2025-01-05 15:11:39,男性,58,兵庫県神戸市北区,1,0,1,1,1,0,1,0,-1,-1,0,-1,1,1,-1,0,1,0
709,2024-10-26 20:03:11,男性,65,鹿児島県鹿児島市,-1,0,-1,1,0,0,1,-1,-1,-1,1,1,1,1,-1,1,1,0
710,2025-01-11 06:50:15,女性,94,富山県富山市,1,1,1,1,0,-1,1,1,0,-1,1,-1,1,1,0,0,-1,0
711,2024-11-29 12:52:35,男性,48,北海道札幌市手稲区,0,0,1,1,0,1,1,0,0,1,1,-1,1,1,0,1,-1,0
712,2024-11-12 21:35:48,男性,54,山口県岩国市,-1,0,-1,-1,1,1,0,0,0,0,0,-1,1,1,0,1,-1,0
713,2024-12-24 02:15:55,男性,60,青森県上北郡東北町,1,-1,1,1,-1,0,1,0,0,1,0,0,1,1,0,0,1,0
714,2024-12-21 13:25:17,女性,68,長崎県大村市,0,1,1,0,-1,0,1,0,0,-1,-1,-1,0,1,0,0,-1,0
715,2024-12-10 04:25:06,女性,13,三重県桑名市,0,1,-1,1,0,1,1,0,0,1,1,1,1,1,0,1,-1,0
716,2024-11-12 14:54:06,女性,46,福島県伊達郡桑折町,1,1,-1,1,0,1,1,0,0,1,1,1,0,1,0,0,1,0
717,2024-11-23 05:40:58,男性,64,鹿児島県鹿児島市,1,1,-1,1,-1,0,1,0,-1,1,1,-1,1,1,0,0,1,0
718,2024-12-17 01:55:30,男性,93,石川県鳳珠郡穴水町,-1,1,-1,1,0,1,1,0,1,1,0,1,1,1,0,0,-1,0
719,2025-01-09 20:41:34,男性,84,北海道帯広市,-1,1,1,1,1,0,0,0,0,-1,-1,1,0,-1,-1,0,1,0
720,2024-11-12 21:51:21,女性,57,新潟県十日町市,1,0,-1,-1,-1,-1,0,1,0,-1,0,1,1,1,0,0,-1,0
721,2025-01-07 04:58:44,女性,10,三重県度会郡玉城町,1,0,-1,0,0,-1,1,0,0,-1,0,-1,1,1,0,0,1,0
722,2024-12-03 13:55:36,女性,18,新潟県加茂市,1,1,1,1,-1,0,1,0,1,-1,0,-1,0,1,0,0,1,1
723,2024-11-01 00:16:27,女性,58,北海道旭川市,1,0,-1,1,0,0,1,1,-1,1,0,-1,1,-1,0,0,-1,0
724,2024-12-21 03:52:00,男性,57,宮城県刈田郡七ヶ宿町,1,1,-1,0,1,0,1,0,0,-1,1,1,1,1,1,0,-1,1
725,2025-01-02 17:38:20,男性,46,京都府京都市伏見区,1,1,1,0,1,0,1,-1,0,-1,0,1,1,1,0,0,-1,1
726,2024-12-25 03:40:13,男性,36,富山県魚津市,0,0,1,0,1,0,1,1,0,0,1,-1,0,-1,0,0,-1,0
727,2024-10-18 00:21:42,女性,84,北海道士別市,-1,0,-1,0,0,0,1,0,-1,1,-1,0,1,0,0,0,-1,0
728,2024-11-26 08:23:54,男性,57,福岡県太宰府市,-1,1,-1,1,-1,0,1,0,-1,-1,1,-1,1,-1,0,1,1,0
729,2024-12-06 22:16:33,女性,73,熊本県人吉市,-1,1,1,-1,-1,0,1,0,0,1,0,1,0,1,0,0,-1,0
730,2024-11-21 01:07:43,女性,60,奈良県大和高田市,1,1,-1,0,1,0,1,0,0,1,1,1,0,-1,0,0,1,0
731,2024-11-04 23:17:41,男性,61,三重県いなべ市,0,1,1,1,0,0,1,0,0,-1,1,1,0,1,0,0,1,0
732,2024-12-01 23:17:27,女性,51,三重県松阪市,1,1,-1,1,-1,1,0,1,0,-1,0,1,1,1,-1,0,-1,0
733,2024-10-16 21:17:01,男性,68,香川県小豆郡小豆島町,-1,1,1,-1,1,-1,1,1,0,1,0,1,1,1,-1,1,-1,0
734,2024-12-27 06:45:23,男性,68,青森県三戸郡田子町,-1,1,-1,1,-1,0,1,0,0,-1,0,-1,1,0,0,1,-1,0
735,2024-12-03 12:37:03,女性,27,富山県射水市,0,-1,1,1,-1,0,1,0,0,-1,1,1,1,1,0,-1,1,0
736,2024-11-12 18:42:14,男性,20,福島県双葉郡大熊町,1,0,-1,-1,-1,0,0,-1,0,-1,0,1,-1,1,0,1,-1,0
737,2024-11-17 22:25:29,男性,44,福岡県福岡市博多区,1,0,-1,1,-1,0,1,-1,0,1,1,-1,1,1,0,1,-1,0
738,2024-12-30 02:27:31,男性,86,広島県広島市安佐南区,1,1,-1,1,0,0,0,-1,0,-1,1,1,1,-1,1,0,1,0
739,2024-11-10 05:04:50,女性,64,愛知県春日井市,-1,0,-1,0,1,0,0,-1,-1,-1,1,0,1,1,0,0,-1,0
740,2024-12-04 10:37:29,女性,81,栃木県那須塩原市,1,1,1,0,0,1,0,-1,0,-1,1,1,0,1,0,1,-1,0
741,2024-10-31 07:34:55,男性,74,岐阜県下呂市,1,0,1,0,0,1,1,1,0,1,1,-1,1,-1,0,0,1,0
742,2024-11-09 20:00:17,女性,27,神奈川県横浜市都筑区,-1,1,1,1,0,1,0,0,0,-1,0,1,-1,1,1,0,-1,0
743,2024-10-24 18:47:23,男性,98,京都府京都市東山区,1,0,-1,0,1,0,1,0,-1,1,-1,-1,0,1,0,0,1,1
744,2024-11-13 08:02:24,男性,91,神奈川県藤沢市,0,0,-1,0,1,1,1,0,0,1,0,1,1,0,-1,0,1,0
745,2024-12-07 08:33:25,女性,37,京都府京丹後市,1,1,1,-1,1,1,1,-1,0,-1,1,1,1,1,0,0,-1,1
746,2024-12-30 23:34:39,男性,26,岐阜県岐阜市,1,0,-1,1,0,1,1,0,0,-1,1,-1,0,1,-1,1,-1,0
747,2024-12-20 21:57:05,女性,50,神奈川県伊勢原市,1,0,-1,0,-1,0,1,1,-1,-1,-1,1,1,0,0,0,0,0
748,2024-10-30 06:44:51,男性,37,愛知県尾張旭市,1,0,-1,1,1,-1,1,1,-1,-1,-1,1,1,1,0,1,-1,0
749,2025-01-07 02:48:20,女性,65,愛知県江南市,0,1,0,1,-1,1,1,0,0,1,-1,-1,1,0,-1,0,-1,0
750,2024-12-09 16:47:33,女性,72,京都府京都市右京区,1,1,-1,-1,0,0,1,0,0,-1,1,0,1,1,1,1,1,0
751,2024-12-23 14:13:20,男性,45,高知県安芸市,0,0,1,1,-1,1,1,-1,1,0,0,1,1,1,1,0,-1,0
752,2024-11-23 09:01:37,男性,65,岡山県和気郡和気町,1,1,-1,1,-1,1,0,0,0,1,1,-1,1,1,1,1,1,0
753,2024-11-01 17:01:31,男性,10,愛知県名古屋市天白区,-1,0,1,1,1,1,1,0,0,0,0,1,-1,1,0,1,-1,0
754,2024-11-20 05:07:00,男性,97,石川県かほく市,1,0,-1,1,0,0,1,0,0,-1,1,-1,0,-1,0,1,-1,0
755,2024-12-03 13:40:10,女性,47,新潟県五泉市,1,-1,-1,1,-1,0,1,0,0,1,0,1,-1,1,-1,1,-1,0
756,2024-12-08 06:09:12,男性,21,熊本県熊本市西区,-1,1,1,1,-1,0,1,-1,0,-1,1,-1,1,1,0,0,-1,0
757,2024-12-21 12:16:57,女性,32,宮城県加美郡加美町,1,1,-1,1,0,0,1,0,0,-1,1,0,-1,-1,-1,1,-1,0
758,2025-01-05 11:28:41,女性,75,愛知県常滑市,1,0,-1,0,1,1,1,1,0,-1,1,1,1,1,0,1,-1,-1
759,2024-11-21 19:26:01,女性,71,福岡県朝倉郡筑前町,-1,1,-1,0,-1,-1,1,0,-1,-1,0,1,0,1,0,0,-1,0
760,2024-10-18 14:20:12,女性,68,北海道苫前郡羽幌町,1,1,-1,0,0,1,1,-1,0,-1,1,1,1,1,0,-1,-1,0
761,2024-11-27 11:23:39,女性,91,長野県松本市,1,1,-1,1,1,0,0,0,0,-1,-1,-1,1,1,0,1,1,0
762,2024-10-30 17:57:02,女性,34,山形県天童市,1,1,-1,1,-1,0,1,0,0,0,0,1,0,-1,0,1,-1,0
763,2024-11-10 10:12:59,男性,16,長崎県佐世保市,-1,0,-1,0,0,-1,1,0,-1,-1,1,-1,1,-1,0,0,-1,-1
764,2024-11-01 15:44:40,男性,42,北海道白糠郡白糠町,-1,1,1,1,-1,0,1,1,-1,-1,0,1,1,1,0,0,1,0
765,2024-11-27 05:31:38,女性,14,岡山県笠岡市,1,1,1,-1,0,0,1,0,0,0,-1,-1,1,1,1,-1,-1,0
766,2025-01-02 22:57:13,男性,66,東京都東大和市,1,0,1,0,0,0,1,-1,-1,1,1,-1,0,1,0,1,-1,1
767,2024-11-01 19:16:58,男性,34,北海道中川郡本別町,0,1,1,1,0,0,1,0,0,1,1,-1,0,1,0,0,1,1
768,2024-12-23 08:54:15,女性,81,愛知県稲沢市,1,-1,-1,1,1,-1,1,0,-1,1,1,-1,-1,1,0,1,-1,0
769,2024-11-19 00:47:05,女性,20,愛知県春日井市,1,-1,-1,1,-1,0,1,0,0,-1,-1,1,1,1,0,1,-1,1
770,2024-12-03 02:03:35,男性,63,北海道札幌市南区,-1,1,0,0,1,0,1,0,-1,0,0,1,1,-1,1,1,-1,0
771,2024-12-24 02:58:57,女性,98,北海道白糠郡白糠町,1,-1,-1,0,0,0,1,1,0,1,1,1,1,-1,0,1,-1,0
772,2024-12-15 05:08:20,男性,91,滋賀県大津市,1,1,-1,1,0,-1,1,0,0,-1,0,-1,0,1,0,0,-1,0
773,2024-11-27 10:18:16,男性,67,福岡県北九州市小倉南区,0,0,-1,0,-1,0,1,0,-1,-1,1,1,1,1,0,0,-1,0
774,2024-12-03 01:56:02,女性,31,北海道札幌市北区,0,1,-1,1,0,0,1,-1,0,1,1,-1,1,-1,-1,0,-1,1
775,2024-12-27 05:57:14,男性,41,宮城県加美郡加美町,-1,0,-1,1,0,0,1,0,0,1,0,1,1,1,0,0,-1,0
776,2024-11-11 20:12:23,女性,78,愛媛県西予市,1,0,1,1,0,0,1,0,-1,1,1,-1,1,1,0,1,-1,0
777,2025-01-06 20:37:54,女性,15,宮城県伊具郡丸森町,0,1,1,1,0,0,1,1,0,-1,1,1,1,1,1,1,-1,0
778,2024-11-16 22:59:46,男性,52,広島県福山市,-1,0,1,0,0,0,0,0,0,0,1,-1,1,1,-1,1,1,0
779,2024-10-24 21:06:06,女性,76,愛媛県西条市,0,1,-1,1,1,1,0,1,0,-1,0,0,0,-1,0,-1,-1,0
780,2024-12-26 16:14:22,女性,71,東京都府中市,1,1,-1,1,0,0,1,0,0,1,1,0,0,1,1,0,-1,0
781,2024-10-29 20:03:47,女性,53,愛知県名古屋市昭和区,1,1,1,0,0,1,1,0,0,-1,-1,1,1,1,0,0,-1,1
782,2024-11-27 21:04:30,女性,22,埼玉県南埼玉郡宮代町,0,1,1,1,0,0,1,-1,-1,0,1,1,1,-1,0,0,-1,0
783,2024-12-17 18:44:12,男性,21,福岡県北九州市若松区,-1,1,-1,0,0,0,1,0,0,1,0,1,0,1,0,1,-1,0
784,2024-11-21 18:51:30,男性,84,京都府京都市中京区,1,1,-1,0,1,1,1,0,-1,1,1,-1,0,1,0,1,1,0
785,2024-11-19 06:55:45,男性,80,長崎県島原市,0,0,-1,1,1,1,0,0,0,-1,1,1,1,1,1,0,-1,0
786,2024-12-15 02:28:59,女性,28,京都府京都市右京区,1,1,1,-1,-1,0,0,-1,0,-1,1,1,1,0,0,0,-1,0
787,2024-12-07 20:01:16,男性,78,長崎県五島市,1,-1,1,1,-1,1,1,0,-1,-1,1,1,1,1,-1,1,-1,0
788,2024-12-18 07:05:11,男性,13,徳島県阿南市,-1,1,-1,1,1,0,1,1,0,1,0,-1,1,-1,-1,1,-1,0
789,2024-11-10 15:39:02,女性,41,広島県広島市佐伯区,0,1,-1,1,1,0,1,-1,0,1,1,-1,1,1,0,1,1,0
790,2024-11-04 00:36:38,男性,25,新潟県妙高市,-1,1,1,1,-1,-1,1,1,1,1,1,-1,1,1,0,0,1,0
791,2024-11-11 22:36:56,男性,11,北海道登別市,1,1,1,1,0,0,1,0,0,1,1,1,0,1,0,-1,-1,1
792,2024-11-30 15:43:41,男性,75,千葉県香取郡東庄町,1,1,-1,1,0,1,1,-1,-1,1,1,1,1,1,0,0,1,1
793,2024-11-11 10:04:04,男性,84,埼玉県所沢市,0,1,-1,1,-1,-1,1,0,-1,0,1,0,0,1,0,0,-1,0
794,2024-11-06 21:28:47,男性,78,茨城県常陸大宮市,0,0,1,1,1,-1,0,0,0,-1,1,1,0,1,1,1,-1,0
795,2025-01-01 03:10:55,女性,91,岐阜県岐阜市,1,1,1,1,-1,1,1,-1,0,1,1,1,-1,1,-1,1,-1,0
796,2024-11-16 18:27:43,女性,46,兵庫県豊岡市,1,1,-1,0,0,-1,1,0,0,1,1,-1,1,1,0,1,-1,0
797,2024-12-20 07:47:14,女性,18,愛知県豊川市,0,0,1,0,1,0,1,0,0,-1,0,1,0,1,-1,0,-1,0
798,2024-11-01 22:02:02,男性,11,大分県杵築市,1,0,1,0,0,1,0,0,0,-1,0,1,1,1,1,0,-1,1
799,2024-12-13 08:59:31,男性,38,京都府京田辺市,1,0,-1,1,-1,0,1,-1,-1,1,0,-1,1,1,0,-1,1,0
800,2024-10-28 21:46:15,女性,54,大阪府八尾市,0,1,1,0,-1,1,1,0,0,-1,1,-1,1,1,0,1,-1,0
801,2024-12-28 21:41:03,女性,93,東京都青梅市,1,1,1,1,0,0,1,0,0,-1,0,1,1,1,0,0,-1,1
802,2025-01-11 00:05:54,女性,63,北海道帯広市,1,1,-1,1,-1,1,1,0,0,-1,1,-1,1,1,0,1,-1,1
803,2024-12-31 00:53:13,女性,40,静岡県富士市,0,0,1,0,1,1,1,0,0,1,1,-1,1,1,0,-1,-1,0
804,2024-10-28 06:16:01,女性,78,大阪府大阪市住吉区,1,0,-1,1,0,1,1,-1,0,1,1,1,1,-1,-1,0,1,0
805,2024-11-15 04:55:37,女性,98,愛知県知立市,1,0,1,1,-1,0,1,-1,0,-1,1,-1,0,1,0,0,1,0
806,2024-12-17 03:31:43,男性,30,愛媛県松山市,1,0,0,0,0,0,0,0,0,-1,-1,1,1,1,0,0,0,0
807,2024-12-15 20:56:37,男性,38,愛知県常滑市,0,1,-1,1,-1,-1,1,0,0,1,1,-1,0,1,1,0,-1,0
808,2024-11-20 22:57:56,女性,42,栃木県下野市,1,0,1,1,-1,0,1,0,0,-1,1,1,1,1,0,0,1,0
809,2024-10-30 03:31:00,女性,50,神奈川県小田原市,0,0,-1,0,0,0,1,0,0,1,0,-1,1,1,1,0,-1,0
810,2024-11-11 20:08:58,女性,48,新潟県新潟市中央区,0,1,1,1,1,0,1,0,0,-1,1,-1,1,1,1,0,1,0
811,2024-11-09 14:10:23,女性,86,青森県弘前市,1,0,-1,0,0,0,1,0,0,-1,1,1,1,1,0,1,-1,0
812,2024-11-15 23:15:23,男性,45,静岡県静岡市清水区,-1,-1,1,0,-1,0,1,0,0,1,0,-1,0,1,0,1,-1,0
813,2024-10-18 20:19:20,男性,76,千葉県成田市,1,0,-1,0,-1,-1,1,0,-1,1,1,-1,1,-1,-1,1,1,0
814,2025-01-06 10:34:58,男性,87,大阪府枚方市,0,0,1,0,0,0,1,0,-1,-1,0,-1,1,-1,0,0,1,0
815,2024-11-04 12:39:59,男性,15,京都府福知山市,1,1,1,1,-1,1,0,0,0,-1,-1,1,1,1,0,-1,-1,0
816,2024-11-01 00:38:56,男性,21,新潟県新潟市中央区,-1,1,-1,1,0,0,1,0,0,-1,1,1,1,1,0,1,-1,0
817,2024-11-23 02:05:57,女性,96,奈良県生駒市,1,-1,1,-1,0,0,1,0,-1,-1,1,1,1,1,0,0,1,0
818,2024-11-11 07:55:56,男性,31,大阪府吹田市,1,0,1,1,-1,0,1,1,0,-1,1,1,1,-1,1,1,-1,0
819,2025-01-07 01:22:43,女性,57,北海道河西郡芽室町,1,1,-1,1,1,-1,1,0,-1,1,1,-1,1,1,1,0,1,1
820,2024-11-27 23:31:16,男性,93,新潟県上越市,1,0,-1,0,1,1,1,0,0,1,1,0,1,1,0,-1,1,0
821,2024-12-03 19:59:34,男性,55,三重県津市,1,1,-1,1,1,1,1,0,0,1,1,-1,1,-1,0,0,-1,0
822,2024-12-09 19:05:15,女性,76,愛知県知多市,0,1,-1,1,0,-1,0,0,0,-1,1,-1,1,1,0,1,-1,0
823,2024-12-24 11:40:18,女性,32,北海道札幌市豊平区,1,1,1,-1,0,-1,1,0,0,1,0,1,1,1,0,-1,-1,0
824,2024-11-21 23:32:49,男性,76,新潟県妙高市,0,0,-1,1,-1,-1,1,0,1,-1,0,-1,-1,1,0,1,-1,0
825,2024-10-29 19:57:07,男性,50,長崎県五島市,-1,0,1,0,0,0,1,1,0,0,1,1,0,0,1,0,1,0
826,2024-12-19 07:43:35,女性,51,福岡県北九州市小倉北区,1,1,1,-1,0,-1,1,0,-1,0,1,1,0,1,0,0,-1,1
827,2024-12-28 17:44:53,女性,63,千葉県船橋市,-1,1,1,-1,0,0,0,0,0,1,0,1,1,1,0,-1,1,0
828,2024-12-24 11:26:19,男性,69,京都府木津川市,-1,-1,-1,1,1,1,1,0,0,-1,0,-1,1,0,1,1,1,1
829,2024-12-29 15:58:34,女性,31,山口県山口市,0,1,1,1,1,0,1,-1,0,0,0,-1,0,1,-1,-1,-1,0
830,2024-11-03 19:12:14,男性,54,石川県加賀市,0,0,-1,1,-1,0,0,0,-1,-1,1,1,1,0,1,0,-1,0
831,2025-01-09 03:59:25,男性,92,広島県広島市安佐北区,1,1,1,0,1,1,0,0,0,1,1,0,1,-1,0,0,-1,-1
832,2024-10-28 16:32:33,男性,80,山形県長井市,0,0,1,0,0,0,1,-1,-1,-1,0,1,0,1,-1,0,-1,1
833,2024-11-11 07:15:10,女性,65,香川県東かがわ市,1,1,-1,1,-1,1,1,0,0,-1,1,-1,1,1,0,0,-1,0
834,2024-11-11 11:05:04,女性,33,栃木県宇都宮市,1,0,-1,1,1,1,1,0,0,-1,1,1,1,1,0,0,1,0
835,2024-11-05 23:57:10,女性,57,福岡県福岡市東区,1,1,1,1,1,0,1,-1,-1,1,1,1,1,-1,0,0,-1,0
836,2025-01-11 07:15:05,女性,61,京都府京都市右京区,1,0,1,0,0,0,1,0,0,1,1,-1,0,1,1,0,-1,0
837,2024-10-30 03:22:15,男性,28,山口県防府市,1,1,-1,1,0,0,0,0,1,-1,1,1,1,1,0,1,-1,0
838,2024-11-09 13:02:10,男性,74,兵庫県尼崎市,0,1,1,1,1,0,1,-1,0,-1,1,1,1,1,0,1,-1,0
839,2024-12-30 21:42:39,男性,65,兵庫県姫路市,-1,1,1,1,0,0,1,0,0,1,1,-1,1,1,0,0,-1,0
840,2024-12-21 03:00:45,男性,90,鳥取県東伯郡湯梨浜町,-1,1,-1,0,1,0,1,1,0,-1,0,-1,0,0,-1,1,1,0
841,2024-12-25 02:16:19,男性,26,北海道札幌市中央区,1,1,1,1,-1,1,1,1,0,-1,1,-1,1,1,0,1,1,0
842,2024-11-28 04:57:48,女性,15,兵庫県神戸市灘区,0,0,-1,0,1,0,1,-1,-1,1,0,0,1,1,-1,0,-1,0
843,2024-11-14 12:24:01,女性,70,宮城県加美郡加美町,1,0,-1,1,1,-1,1,0,0,-1,1,-1,-1,1,1,-1,-1,0
844,2024-11-20 04:39:23,女性,77,新潟県上越市,1,0,-1,1,0,0,1,0,0,-1,1,1,1,-1,0,0,-1,0
845,2024-12-16 12:30:27,男性,80,青森県三戸郡階上町,0,0,-1,0,-1,0,1,0,-1,-1,0,-1,1,1,0,1,-1,0
846,2024-12-20 04:08:02,女性,42,新潟県新潟市江南区,1,-1,-1,0,0,1,1,0,-1,1,1,0,1,1,0,0,1,0
847,2024-12-08 18:38:43,女性,37,和歌山県御坊市,1,1,-1,1,0,1,0,0,0,1,1,1,1,1,-1,1,1,0
848,2024-12-08 01:56:24,男性,67,東京都調布市,0,1,-1,1,-1,0,1,-1,0,-1,1,1,1,-1,1,0,1,0
849,2024-12-19 11:00:00,女性,74,京都府京都市中京区,0,1,1,-1,0,-1,1,-1,0,1,0,1,1,1,1,1,1,0
850,2024-11-18 22:31:24,男性,70,福島県福島市,1,0,-1,0,1,1,1,0,-1,-1,0,-1,1,1,0,0,-1,0
851,2024-10-27 15:18:41,男性,28,北海道札幌市東区,1,1,1,0,0,1,1,-1,0,0,0,-1,1,1,0,0,-1,0
852,2024-11-06 23:49:25,男性,16,大阪府茨木市,1,0,-1,1,-1,1,0,-1,0,1,1,1,1,-1,0,1,-1,1
853,2024-12-12 12:24:04,女性,37,福島県南相馬市,1,1,1,1,0,0,1,0,0,1,1,-1,1,1,0,-1,1,0
854,2024-10-30 14:02:41,女性,89,千葉県匝瑳市,1,1,-1,1,0,-1,1,0,0,-1,1,1,1,1,0,0,-1,0
855,2024-12-28 21:06:08,女性,97,広島県広島市佐伯区,0,1,-1,1,0,0,1,0,0,0,1,1,1,1,1,1,-1,0
856,2024-11-30 12:28:49,女性,10,埼玉県春日部市,1,1,0,1,0,-1,1,1,-1,0,1,-1,0,1,-1,-1,0,0
857,2024-10-30 18:50:01,男性,52,山口県下松市,0,0,-1,-1,1,-1,1,0,-1,1,0,-1,1,0,0,1,-1,1
858,2024-12-07 17:58:26,女性,32,富山県小矢部市,1,1,1,-1,-1,1,0,-1,-1,1,1,1,0,1,0,0,-1,0
859,2024-10-20 22:22:59,女性,56,千葉県市原市,1,1,-1,1,-1,1,0,1,-1,1,1,1,1,-1,0,0,-1,0
860,2025-01-06 21:00:12,女性,73,栃木県小山市,1,1,-1,0,0,1,1,-1,0,-1,0,1,0,0,0,0,-1,0
861,2024-11-01 07:20:33,男性,47,北海道河東郡音更町,1,1,-1,0,0,0,0,1,0,1,1,-1,1,1,0,0,1,-1
862,2024-10-22 03:11:00,女性,43,栃木県さくら市,0,1,1,0,-1,0,1,1,0,1,0,0,1,1,-1,0,-1,0
863,2024-11-05 03:08:33,男性,53,京都府木津川市,1,-1,1,0,0,1,1,0,0,-1,1,-1,-1,1,0,0,1,0
864,2024-12-31 11:08:49,男性,27,岐阜県大垣市,1,1,-1,1,0,-1,1,0,0,0,1,1,1,1,-1,0,-1,0
865,2024-12-25 04:59:44,女性,69,長野県南佐久郡南相木村,-1,0,-1,1,1,1,1,0,-1,1,0,1,0,1,0,0,1,0
866,2024-10-31 13:05:14,女性,91,愛知県碧南市,1,1,-1,-1,0,1,0,0,0,-1,0,-1,1,1,0,1,-1,0
867,2024-12-11 08:56:53,女性,65,愛知県海部郡蟹江町,1,1,1,1,0,1,1,0,0,-1,1,1,1,0,-1,1,-1,0
868,2024-12-16 11:40:44,女性,39,新潟県新潟市中央区,1,1,-1,1,0,0,1,0,1,1,0,1,1,1,1,0,-1,0
869,2024-12-27 04:47:01,女性,39,広島県広島市安芸区,0,1,1,0,0,0,1,0,0,-1,-1,-1,1,1,0,0,-1,0
870,2025-01-09 03:05:08,女性,87,北海道河東郡音更町,-1,1,1,1,-1,0,1,0,-1,1,-1,1,1,1,-1,0,-1,0
871,2024-11-19 21:42:30,男性,72,福井県南条郡南越前町,-1,1,-1,1,0,0,0,0,0,1,1,1,1,1,1,1,-1,0
872,2024-11-09 20:12:42,女性,87,愛知県知多郡南知多町,1,1,1,1,1,0,1,1,-1,1,0,-1,1,1,0,0,-1,0
873,2024-11-28 05:53:27,男性,33,福井県越前市,1,0,1,-1,-1,-1,1,-1,0,1,1,-1,1,1,-1,0,1,0
874,2024-11-09 14:07:44,女性,19,茨城県龍ヶ崎市,0,1,-1,1,1,0,1,0,-1,-1,1,1,1,1,-1,0,-1,0
875,2024-11-23 20:22:58,女性,23,新潟県佐渡市,1,0,-1,0,0,1,0,1,0,-1,1,1,0,-1,-1,1,-1,1
876,2025-01-06 13:05:52,女性,33,千葉県富津市,0,0,1,1,0,0,1,0,-1,1,0,-1,0,1,-1,0,1,0
877,2024-11-22 23:20:23,男性,67,愛知県名古屋市名東区,0,1,1,1,0,1,0,0,0,0,-1,-1,1,-1,0,1,1,0
878,2024-10-27 20:30:54,男性,29,京都府亀岡市,1,1,-1,1,0,1,1,0,-1,1,0,1,1,1,1,0,-1,0
879,2024-11-17 15:46:31,男性,86,石川県金沢市,1,0,-1,1,0,0,1,0,-1,1,1,1,1,1,0,0,-1,0
880,2025-01-07 13:42:29,男性,17,京都府京都市左京区,0,1,0,1,0,0,1,0,-1,1,1,-1,1,-1,0,1,1,0
881,2024-11-24 11:13:04,女性,13,静岡県下田市,1,0,-1,-1,1,1,-1,0,0,-1,1,1,1,1,0,-1,-1,0
882,2025-01-05 08:56:44,男性,79,大阪府大阪市大正区,-1,-1,-1,1,-1,1,1,-1,-1,1,1,1,1,1,1,1,-1,0
883,2024-10-18 06:38:49,男性,56,広島県庄原市,1,1,1,0,-1,1,1,0,-1,-1,1,-1,1,-1,1,0,-1,0
884,2024-12-07 14:55:40,女性,36,北海道帯広市,-1,1,1,1,-1,0,0,0,-1,1,-1,-1,1,1,-1,0,-1,1
885,2024-10-15 12:17:01,女性,32,愛知県豊田市,-1,0,1,1,-1,0,-1,0,-1,-1,1,1,1,1,0,-1,-1,0
886,2024-12-20 14:05:47,男性,74,北海道樺戸郡月形町,0,1,1,1,-1,-1,1,0,-1,-1,0,1,1,-1,0,0,-1,0
887,2024-10-28 15:39:26,男性,97,東京都羽村市,0,0,-1,1,0,0,1,0,0,-1,0,1,1,1,0,1,-1,0
888,2024-12-17 13:57:26,女性,16,徳島県小松島市,0,1,-1,1,0,0,0,0,1,1,0,1,1,1,0,0,-1,1
889,2024-12-14 00:57:35,女性,38,栃木県真岡市,-1,0,-1,0,1,1,1,0,-1,1,1,0,1,0,0,-1,1,0
890,2024-12-16 20:51:55,男性,73,兵庫県伊丹市,1,1,1,1,0,-1,0,0,0,1,1,1,0,-1,0,1,1,0
891,2025-01-02 19:35:25,女性,89,北海道紋別市,1,1,1,1,1,1,1,0,1,1,1,1,0,1,0,0,-1,0
892,2024-10-24 23:24:55,男性,55,愛知県名古屋市中川区,0,1,-1,1,0,1,-1,0,0,1,-1,-1,1,-1,1,-1,-1,0
893,2024-10-30 02:22:33,男性,10,青森県東津軽郡外ケ浜町,-1,1,1,0,-1,-1,1,0,-1,1,1,-1,1,1,1,1,-1,0
894,2025-01-08 12:57:15,女性,14,熊本県天草市,1,1,0,1,-1,0,1,-1,0,0,-1,1,0,1,0,1,-1,1
895,2024-12-16 12:59:16,男性,83,北海道旭川市,-1,1,1,1,0,0,-1,0,0,1,-1,1,1,1,1,1,-1,0
896,2024-11-30 05:59:08,男性,21,岩手県遠野市,1,1,-1,0,1,0,1,-1,0,1,1,1,0,1,0,0,-1,0
897,2024-11-16 20:26:11,男性,52,石川県白山市,0,0,1,1,1,0,1,-1,-1,1,0,-1,0,1,0,1,-1,0
898,2024-10-24 14:01:25,男性,62,岐阜県不破郡垂井町,-1,0,-1,1,-1,0,1,0,-1,1,0,1,1,1,0,0,-1,0
899,2024-11-04 23:55:00,女性,65,青森県黒石市,1,1,-1,-1,0,0,1,0,-1,-1,0,-1,0,1,0,-1,1,0
900,2024-11-29 04:47:40,男性,48,京都府京都市上京区,0,1,-1,1,0,1,1,1,-1,1,-1,0,1,1,1,1,1,0
901,2025-01-03 06:38:52,男性,64,大阪府八尾市,0,0,-1,1,1,0,1,0,0,-1,1,-1,0,1,-1,1,1,1
902,2024-10-14 07:59:20,女性,88,熊本県熊本市西区,-1,1,1,-1,0,1,1,0,0,-1,0,0,1,1,0,0,-1,0
903,2024-10-26 09:17:25,男性,34,北海道上川郡東神楽町,-1,1,-1,0,0,0,1,0,-1,-1,0,-1,0,1,0,1,-1,0
904,2024-12-02 04:37:43,女性,35,富山県滑川市,-1,1,-1,1,1,-1,1,0,0,1,1,1,1,-1,0,0,-1,0
905,2024-10-21 18:58:02,男性,24,埼玉県朝霞市,1,0,-1,1,1,1,1,0,0,-1,1,-1,1,-1,1,0,1,0
906,2024-10-15 04:55:47,男性,64,山梨県富士吉田市,1,0,-1,0,-1,1,1,0,-1,1,1,-1,1,1,1,1,-1,0
907,2024-11-01 15:59:03,男性,56,三重県鈴鹿市,1,1,1,1,-1,-1,1,0,-1,1,0,1,1,1,0,1,-1,0
908,2024-11-26 14:33:19,女性,91,大分県佐伯市,-1,1,0,1,1,0,1,0,-1,-1,-1,-1,1,1,0,1,-1,0
909,2024-12-24 16:44:59,男性,51,埼玉県川越市,0,1,-1,1,-1,1,1,0,0,-1,1,-1,1,1,0,0,-1,0
910,2024-12-08 07:27:30,女性,47,宮城県仙台市青葉区,0,0,-1,-1,-1,-1,1,1,-1,1,1,-1,0,1,0,0,-1,0
911,2025-01-07 07:29:09,女性,30,石川県金沢市,-1,0,1,1,0,-1,1,1,0,1,0,-1,1,1,0,0,-1,0
912,2024-10-26 06:11:41,女性,96,山形県東田川郡三川町,0,0,1,1,-1,0,1,0,1,-1,0,-1,1,1,1,-1,-1,-1
913,2024-11-03 17:39:24,女性,26,福島県福島市,1,0,1,1,-1,0,1,0,0,1,1,1,0,1,0,0,-1,0
914,2024-10-18 17:00:00,男性,64,北海道砂川市,1,1,1,1,-1,0,1,-1,0,-1,1,1,0,1,0,1,-1,0
915,2024-11-03 13:25:18,女性,93,埼玉県北葛飾郡杉戸町,1,0,-1,-1,-1,1,1,-1,0,-1,1,-1,1,0,0,0,-1,0
916,2024-10-14 08:34:31,男性,24,山口県下関市,-1,0,-1,1,-1,0,0,-1,0,1,1,-1,0,-1,1,1,-1,1
917,2024-12-28 00:31:27,男性,68,岡山県勝田郡奈義町,1,1,-1,1,0,-1,1,0,0,1,1,1,1,1,1,0,-1,0
918,2024-11-18 16:49:29,男性,13,群馬県邑楽郡明和町,1,1,-1,0,0,1,1,0,0,1,1,1,0,1,-1,1,-1,0
919,2025-01-03 00:13:08,女性,40,山口県宇部市,0,1,1,1,-1,0,0,-1,0,1,1,-1,1,-1,0,0,-1,1
920,2024-12-16 22:41:45,男性,26,北海道茅部郡森町,0,0,0,1,-1,-1,1,1,0,-1,1,-1,0,1,0,0,-1,1
921,2024-11-23 23:03:08,女性,87,滋賀県甲賀市,0,1,1,1,1,0,1,1,-1,-1,1,-1,-1,1,1,1,-1,0
922,2024-11-23 02:02:31,男性,52,北海道帯広市,1,1,-1,1,1,1,1,-1,-1,-1,1,-1,-1,1,0,1,-1,0
923,2024-12-28 04:08:23,男性,69,北海道砂川市,0,0,-1,1,-1,0,1,0,0,0,1,1,1,1,0,-1,-1,0
924,2024-11-22 08:37:25,男性,12,北海道石狩市,1,1,1,1,-1,0,1,0,-1,1,-1,1,1,1,1,1,-1,1
925,2024-10-30 04:07:53,男性,88,長崎県長崎市,1,0,1,0,0,0,0,0,0,1,1,-1,0,1,-1,1,-1,0
926,2024-12-12 20:38:18,男性,54,新潟県村上市,1,0,-1,1,1,0,1,-1,0,1,-1,0,0,1,0,1,-1,0
927,2024-10-13 13:03:47,男性,61,宮城県伊具郡丸森町,0,0,0,1,-1,1,1,0,0,-1,1,1,1,-1,0,1,1,0
928,2024-11-08 03:07:33,女性,62,富山県富山市,1,-1,1,-1,-1,1,1,0,-1,1,1,1,1,-1,1,0,-1,0
929,2024-11-16 00:06:25,男性,46,埼玉県幸手市,1,1,-1,0,1,1,1,-1,-1,-1,1,-1,1,1,0,1,-1,0
930,2024-10-31 11:45:17,男性,36,北海道札幌市豊平区,0,1,-1,1,0,0,1,1,0,-1,0,1,1,1,1,0,1,0
931,2024-11-28 03:03:19,男性,27,兵庫県神戸市長田区,1,-1,-1,1,-1,-1,1,1,0,-1,0,-1,0,1,0,0,-1,0
932,2024-12-09 05:37:11,男性,96,福岡県直方市,1,1,-1,1,0,1,1,-1,1,1,0,1,1,1,-1,0,-1,0
933,2024-10-18 03:38:20,女性,94,兵庫県神戸市須磨区,0,1,1,1,0,0,1,-1,0,1,1,1,1,1,-1,0,-1,1
934,2025-01-10 09:37:04,男性,97,三重県三重郡朝日町,1,0,1,1,1,1,0,-1,0,1,1,1,1,1,0,1,-1,0
935,2024-10-14 11:51:15,女性,44,東京都練馬区,1,1,-1,0,-1,0,-1,0,0,-1,1,-1,1,1,0,0,1,0
936,2024-11-26 22:54:53,男性,34,新潟県上越市,-1,1,1,1,-1,0,1,0,-1,1,1,1,1,-1,-1,1,-1,1
937,2024-11-14 11:36:32,男性,16,山形県山形市,-1,1,-1,0,-1,0,0,0,0,-1,1,1,1,-1,0,0,-1,0
938,2024-12-23 08:14:19,男性,67,神奈川県藤沢市,1,0,-1,-1,1,0,1,0,0,-1,-1,1,1,1,0,0,-1,0
939,2024-11-21 15:49:32,男性,63,富山県富山市,1,1,-1,1,-1,0,1,0,1,1,1,-1,1,1,0,1,-1,0
940,2024-12-21 05:29:10,女性,89,石川県羽咋郡志賀町,0,0,1,1,-1,0,0,0,0,1,0,-1,1,1,0,0,1,0
941,2025-01-01 06:40:52,男性,34,千葉県千葉市花見川区,0,-1,1,1,1,0,1,1,0,-1,1,1,-1,1,0,1,1,0
942,2024-10-31 22:19:27,男性,88,大阪府岸和田市,-1,0,1,0,1,-1,1,0,0,-1,0,-1,1,1,0,0,1,1
943,2025-01-06 04:56:30,男性,40,北海道札幌市中央区,-1,1,-1,0,1,0,-1,1,-1,1,1,-1,1,1,0,0,-1,0
944,2024-12-28 22:41:41,男性,46,福島県伊達市,-1,1,1,-1,1,1,0,0,0,-1,1,1,-1,1,1,0,-1,1
945,2024-10-21 07:16:43,男性,56,山梨県笛吹市,-1,0,1,0,-1,-1,1,0,0,-1,0,1,0,1,1,1,-1,0
946,2024-10-28 05:59:25,男性,42,愛知県半田市,1,1,-1,1,0,0,1,0,0,1,0,-1,1,1,0,0,-1,0
947,2024-12-01 23:26:35,男性,67,福岡県遠賀郡水巻町,1,0,-1,0,1,0,1,0,0,-1,0,-1,0,0,0,0,1,1
948,2024-12-19 08:21:45,女性,64,秋田県秋田市,0,1,-1,0,1,0,0,0,0,-1,1,1,1,1,0,0,-1,0
949,2024-12-18 05:28:31,女性,72,長野県松本市,-1,1,-1,-1,0,-1,1,-1,0,-1,1,1,1,1,0,1,1,0
950,2025-01-02 04:53:43,女性,13,香川県丸亀市,-1,0,1,1,-1,0,1,0,0,-1,1,-1,0,1,1,1,-1,0
951,2024-12-04 20:28:17,男性,25,兵庫県神戸市長田区,0,0,-1,1,0,0,1,0,-1,-1,1,1,-1,1,-1,0,-1,1
952,2024-11-09 21:11:40,女性,10,福島県南相馬市,0,0,1,1,-1,0,-1,0,-1,-1,1,1,0,1,-1,0,-1,0
953,2024-12-07 06:49:00,男性,92,広島県三原市,-1,1,-1,1,1,1,1,0,0,1,0,1,0,-1,1,0,-1,0
954,2024-10-15 05:45:27,女性,66,愛知県半田市,1,1,-1,1,0,1,1,-1,-1,-1,1,1,1,-1,1,-1,-1,0
955,2024-10-26 22:45:42,女性,77,秋田県由利本荘市,0,1,1,1,0,0,1,0,0,0,1,1,1,1,1,0,-1,0
956,2024-12-03 15:05:59,女性,92,熊本県熊本市東区,0,1,1,1,1,0,1,0,0,1,0,1,1,1,-1,0,-1,0
957,2024-12-25 22:19:46,女性,14,大阪府茨木市,0,0,1,-1,-1,1,0,0,0,-1,0,-1,0,1,0,0,-1,0
958,2024-12-08 00:33:36,男性,76,長野県長野市,0,-1,-1,-1,0,0,1,1,-1,-1,1,1,1,1,0,0,1,0
959,2024-11-07 04:51:40,女性,85,群馬県太田市,0,1,1,-1,-1,0,0,0,-1,1,1,0,0,1,0,0,1,0
960,2024-11-19 14:50:14,女性,34,福岡県みやま市,0,0,-1,1,0,-1,1,0,0,1,0,1,0,1,0,0,-1,0
961,2025-01-07 14:22:27,女性,41,長野県東御市,1,-1,-1,1,0,0,-1,1,-1,1,1,1,1,1,1,0,-1,0
962,2024-12-27 08:04:37,女性,74,高知県安芸市,-1,0,1,0,1,0,1,1,-1,1,0,1,1,-1,0,0,-1,0
963,2024-10-23 15:21:20,男性,26,岐阜県関市,1,-1,0,0,0,0,0,0,-1,1,1,-1,0,1,-1,-1,-1,0
964,2024-11-30 04:56:48,男性,12,愛知県瀬戸市,-1,1,-1,1,-1,1,1,-1,1,-1,0,1,1,1,0,0,-1,1
965,2024-11-16 15:19:24,男性,51,京都府京都市左京区,1,1,1,1,1,0,0,0,1,1,0,-1,1,1,-1,-1,-1,0
966,2024-10-28 08:24:48,女性,98,京都府京都市下京区,1,0,1,0,-1,-1,1,-1,1,1,-1,1,0,1,0,-1,-1,0
967,2024-12-30 19:17:20,男性,61,沖縄県中頭郡西原町,0,1,1,-1,0,0,0,0,1,1,1,-1,1,0,-1,0,1,0
968,2024-12-29 03:52:57,男性,51,北海道札幌市中央区,0,0,1,1,0,1,1,-1,0,1,0,-1,1,1,-1,0,-1,0
969,2024-11-04 12:24:53,男性,18,千葉県千葉市中央区,1,1,1,1,0,0,1,-1,0,1,0,-1,1,1,0,1,-1,0
970,2024-12-19 16:59:07,男性,57,三重県松阪市,1,0,1,1,-1,0,1,0,-1,-1,1,1,1,-1,0,0,-1,1
971,2025-01-05 14:18:50,女性,96,長野県下伊那郡根羽村,1,1,1,1,1,0,1,0,-1,1,0,-1,0,1,0,1,-1,0
972,2024-11-22 14:54:49,女性,11,鳥取県西伯郡南部町,1,-1,-1,1,0,0,1,0,0,-1,1,1,1,1,0,0,-1,0
973,2024-10-15 17:23:03,男性,11,北海道小樽市,-1,0,-1,-1,0,0,1,0,0,1,-1,-1,1,1,0,0,-1,0
974,2024-10-30 06:00:32,女性,67,埼玉県さいたま市中央区,1,-1,1,1,1,1,1,0,0,-1,-1,0,0,1,-1,1,-1,0
975,2024-10-24 13:42:53,女性,52,大阪府豊能郡能勢町,1,-1,-1,-1,0,1,1,-1,0,1,0,-1,1,1,0,1,-1,0
976,2024-10-29 03:04:34,男性,37,北海道川上郡標茶町,1,1,-1,-1,0,0,0,0,0,-1,1,1,1,1,0,1,1,0
977,2024-12-30 00:19:48,男性,82,三重県松阪市,1,1,-1,-1,0,1,1,-1,0,-1,0,-1,1,1,0,0,-1,0
978,2024-11-22 17:30:03,女性,84,京都府京都市中京区,1,1,1,-1,0,-1,0,-1,0,-1,-1,1,1,0,-1,0,-1,0
979,2024-10-14 10:28:02,男性,41,島根県雲南市,1,1,1,1,1,-1,1,0,0,0,0,-1,1,1,0,1,-1,0
980,2024-11-13 02:15:26,女性,34,山梨県南巨摩郡身延町,-1,0,1,-1,-1,-1,0,0,-1,1,1,0,1,1,0,0,-1,0
981,2024-12-29 00:48:35,女性,26,東京都渋谷区,0,1,-1,1,1,0,1,1,0,-1,1,1,1,1,0,0,1,0
982,2024-11-27 11:28:56,男性,95,新潟県十日町市,1,1,-1,1,-1,0,1,0,-1,1,1,1,1,-1,0,1,-1,0
983,2025-01-06 04:25:58,女性,66,秋田県山本郡八峰町,0,0,-1,0,1,0,1,0,0,1,1,0,1,1,-1,-1,-1,0
984,2024-12-04 14:37:09,男性,83,岐阜県各務原市,0,0,1,1,1,-1,1,0,-1,1,1,-1,1,1,0,0,-1,0
985,2024-11-27 07:03:23,女性,55,広島県庄原市,-1,1,-1,1,1,0,0,1,0,-1,1,1,1,1,-1,0,-1,0
986,2024-11-04 13:09:01,女性,66,青森県上北郡野辺地町,1,1,-1,1,0,0,-1,0,0,1,0,-1,-1,0,1,1,-1,0
987,2024-10-25 02:53:53,女性,19,大阪府東大阪市,1,1,-1,1,-1,0,1,0,-1,1,1,1,1,1,-1,-1,1,0
988,2024-10-13 23:47:47,女性,46,岐阜県美濃市,1,1,0,1,0,0,0,1,1,-1,0,1,0,1,0,0,-1,0
989,2024-12-02 21:26:01,女性,69,宮城県登米市,-1,1,-1,1,1,1,1,0,0,1,0,-1,0,-1,0,0,-1,1
990,2024-11-14 19:53:42,女性,99,石川県野々市市,0,1,-1,1,0,1,1,0,0,-1,1,0,1,-1,1,0,-1,0
991,2024-11-28 22:52:28,女性,35,福島県喜多方市,1,1,1,1,0,0,1,0,0,-1,1,-1,1,-1,0,1,1,0
992,2024-10-26 06:15:39,女性,52,福岡県福岡市西区,0,1,1,1,-1,-1,1,0,0,0,1,-1,1,1,0,1,1,0
993,2024-10-18 13:23:40,男性,38,愛知県名古屋市守山区,1,1,-1,1,-1,0,1,0,0,-1,1,-1,1,1,0,-1,-1,0
994,2024-11-16 12:13:56,男性,99,兵庫県神戸市中央区,1,1,-1,1,1,-1,0,0,0,-1,1,0,0,-1,0,0,-1,0
995,2024-11-23 16:05:57,男性,54,石川県小松市,0,1,1,-1,-1,1,1,0,0,0,1,1,1,-1,0,1,0,0
996,2024-10-19 01:24:50,女性,60,島根県益田市,1,1,-1,1,1,0,1,0,-1,-1,-1,0,1,-1,0,1,1,0
997,2024-11-15 12:15:00,男性,71,茨城県高萩市,-1,-1,-1,1,1,0,1,0,0,-1,0,1,0,-1,1,1,-1,0
998,2024-10-21 05:07:35,女性,97,広島県廿日市市,-1,1,-1,0,0,0,-1,0,0,1,1,-1,1,1,0,0,-1,0
999,2024-11-08 14:31:50,男性,10,北海道旭川市,1,0,-1,-1,1,0,1,0,-1,1,1,-1,1,1,0,1,1,0
1000,2024-12-21 13:47:16,女性,40,北海道帯広市,1,1,1,-1,0,1,1,0,0,1,0,-1,-1,1,0,1,-1,1
