id,name,is_male,age,address,created_at
54fbbfaa-4da0-434b-bcf9-1ec097eebaeb,伊藤涼,False,55,北海道増毛郡増毛町,2024-12-27 02:47:50.000000
6086dcf0-c124-422a-a50f-7b6515fe6184,木田愛,True,30,東京都日野市,2025-01-13 09:01:32.000000
25904b3d-7450-49aa-bf70-989ab119f11c,岡崎悠莉,True,42,兵庫県神戸市垂水区,2024-12-09 15:12:20.000000
cc9464a0-4097-4fd8-aa86-ed678b3ba637,桜井亮,True,33,愛知県名古屋市守山区,2024-12-29 02:30:00.000000
878bf32b-c8eb-4c86-8cad-819fd59f46c3,平野一真,True,80,東京都日野市,2024-10-20 06:56:29.000000
adbb2451-c1e6-43a4-b8cb-1aa6644dfa66,井上悠希,False,41,北海道札幌市北区,2024-12-24 13:56:27.000000
1f1d20ee-6ca7-46ff-bb49-83c6ae394bec,矢野真琴,True,62,東京都八王子市,2024-11-23 05:17:46.000000
f84e8a69-64af-4a36-87cf-a527dfabf1d2,横田美桜,True,54,神奈川県横浜市保土ケ谷区,2025-01-05 19:13:20.000000
962e70db-e111-4ebd-9932-2d115cbc93b3,浜田陽斗,True,53,京都府亀岡市,2024-11-19 21:20:54.000000
fbd4658c-08e1-46e4-b514-4b8343874241,田口美佳,False,55,大阪府大阪市東住吉区,2024-11-13 10:46:14.000000
7e174015-a5ed-4437-876a-d3cb9adf77aa,桜井祐樹,False,22,宮崎県延岡市,2024-11-30 19:36:58.000000
656188cd-8955-4637-a826-20fd74182143,山口翔馬,False,53,青森県青森市,2024-11-21 23:14:40.000000
d546c64e-1a6f-4654-bb8a-4b4b4106a275,宮崎真由,True,12,徳島県吉野川市,2024-12-05 21:17:16.000000
87bb7a07-fdb3-493d-8acb-4091484e6131,中山美佳,True,65,佐賀県佐賀市,2025-01-13 17:26:43.000000
815b83ee-2bf3-4e03-b739-2c9f1e6c4180,青木碧,True,37,長野県上水内郡飯綱町,2024-12-28 09:06:54.000000
93e5f91c-dbcc-4f24-8e9e-d4a93904ec85,菊地涼太,False,80,埼玉県草加市,2024-11-01 06:13:50.000000
cbde5f57-9132-4703-9a0a-f25fc6b1f4ee,今井陽菜,True,54,三重県多気郡明和町,2025-01-09 06:16:37.000000
1f4f6f68-209c-4509-946b-c06a54325434,矢野美桜,True,53,茨城県常陸太田市,2024-12-08 07:41:50.000000
f093bf0d-d4e1-4389-b61c-a503c80083f9,高木美佳,True,38,福井県坂井市,2024-10-17 14:50:06.000000
bff88960-1298-4099-9588-fc49c0f01501,今井大輔,False,14,茨城県常陸太田市,2025-01-04 12:37:09.000000
46c9412b-16e2-4d67-9614-ba44b5b4f8ef,池田優,False,38,島根県江津市,2024-11-02 03:54:38.000000
ab423855-38d7-4ac2-99f0-051b17883020,松山真理,True,11,福井県三方上中郡若狭町,2024-11-22 20:52:54.000000
ebbd95d8-7b31-4cad-8f3a-fcfaaa9ac811,吉田心,True,72,大阪府堺市西区,2024-11-15 20:44:02.000000
af9e1376-5f5f-463e-ad2d-5619edf77d13,長谷川陽菜,True,56,大阪府堺市南区,2024-11-03 22:32:11.000000
94632f68-107f-45a3-b007-4470144cf2ce,山口美波,False,80,大阪府堺市西区,2024-12-25 11:46:55.000000
15d3c2a3-6896-4957-9801-d8c98548a5c6,佐々木悠介,True,90,北海道河西郡芽室町,2024-12-23 23:11:16.000000
448962ce-af80-4f2f-b0da-0a0ca2698c77,安藤悠人,False,43,岩手県奥州市,2024-12-15 23:59:06.000000
3df41caf-a503-4118-af76-b8b952f9d711,高橋碧,True,59,千葉県松戸市,2024-11-05 18:05:02.000000
e6c5c787-afd1-4b51-96c1-3266322b4d0b,青木里奈,True,31,大阪府大阪市東淀川区,2025-01-03 06:39:59.000000
b684b252-e50e-447d-8251-0f8dec2a1d98,市川優,True,47,高知県安芸郡田野町,2024-10-25 11:40:25.000000
3abada4b-8394-43b6-8d1c-b81ece037f6a,大森和真,True,11,埼玉県秩父市,2024-10-27 18:52:55.000000
713a8007-808e-43df-a335-d0bc80a9b290,橘結衣,True,24,岩手県宮古市,2024-11-06 05:40:44.000000
0c90c563-24d5-48f8-9209-d26fd755d7fb,松山颯太,False,77,富山県高岡市,2024-11-20 02:35:14.000000
6c9a0aea-3888-41d3-92cc-7bb8dda10533,河合陽翔,False,52,神奈川県川崎市高津区,2024-10-28 09:05:48.000000
9a42e01f-9735-41a6-b77e-3c6b79fd3e8e,木田由香,True,60,北海道札幌市西区,2025-01-02 03:33:21.000000
0922670b-1ebf-4900-9a62-723bcba0ea9a,市川悠斗,True,53,山口県岩国市,2024-11-01 22:41:23.000000
490c1e92-46a8-4e5e-94d5-c69a8562e732,木村晴斗,True,93,宮城県伊具郡丸森町,2024-11-17 04:28:50.000000
0eea5180-d20e-4865-8e00-fd0dff9b8b01,松岡美玲,True,84,大阪府堺市堺区,2025-01-07 23:24:00.000000
4749b225-8ff2-433e-825f-397351fc71d5,岡崎美菜,True,71,兵庫県赤穂郡上郡町,2024-10-18 09:53:17.000000
40cc7ad5-cbe9-4297-bc23-de348a38676b,森田龍之介,False,26,大阪府八尾市,2025-01-01 02:09:16.000000
5b4f12e5-2312-4c07-b591-3f4d109ac764,木村光,False,61,三重県鈴鹿市,2024-10-17 21:15:36.000000
9bd1df7d-0f06-45e9-a78e-c3c6e8294a33,山田翔介,True,81,愛知県尾張旭市,2024-11-22 07:56:21.000000
14bb2120-efcc-4b0a-bd26-64f8f9a1b298,土屋柚希,True,86,高知県長岡郡大豊町,2024-10-21 06:03:53.000000
4f2fbd87-610e-4ca4-9eba-e8f57f787793,矢野一郎,True,65,大阪府八尾市,2024-10-24 18:26:23.000000
01f7cab7-cb51-40f8-bd07-cf1e4d720272,岡本陽介,True,67,北海道北広島市,2024-11-08 14:43:29.000000
32e26ee9-bc2f-4ba9-af44-91e9b695a439,福田美幸,False,76,山形県酒田市,2024-12-12 13:06:14.000000
0eca9042-4d19-4012-bd57-b5b1eb3e0dec,桜井美和,True,93,山口県大島郡周防大島町,2024-12-05 09:15:41.000000
59818692-5df3-4375-a9fa-7b4da646f96b,荒木莉奈,False,99,石川県白山市,2024-12-10 20:28:46.000000
7fe30f26-79c2-465e-a203-556067f51904,荒木美結,False,59,岩手県花巻市,2024-11-06 09:08:25.000000
05cdac88-c507-4780-9a8d-bb309e51ebb7,渡辺陽介,True,10,栃木県宇都宮市,2025-01-04 00:10:16.000000
4f037b38-7119-415f-ba9e-bde1064ae605,大森陽向,True,37,愛知県名古屋市千種区,2025-01-03 18:21:39.000000
0bf141e1-3f70-4ce6-aab3-d36262a20876,土屋健一,False,12,岐阜県岐阜市,2024-11-20 04:51:12.000000
7f0b77f7-c932-4b71-9f3a-2e3809d3b8c4,土屋美咲,True,28,東京都足立区,2025-01-06 15:26:45.000000
7b072c39-953b-4580-bde4-d76b3027700a,西村玲,True,95,三重県伊勢市,2024-12-23 09:16:59.000000
59a01055-19b3-42f7-91d4-9abaa355d1d0,松本陽斗,True,33,愛知県高浜市,2024-12-21 02:22:15.000000
57b797d8-24af-4440-a7b7-892acd1a46d1,吉田雄大,True,53,和歌山県有田郡広川町,2024-11-18 10:11:11.000000
898e113d-758e-49e0-be7e-c0c53d4b8482,河野美佳,True,58,福島県東白川郡棚倉町,2024-12-27 15:15:20.000000
e9f92d1c-cf86-472e-b4d8-2907ddbb36ae,小川翔,True,41,滋賀県東近江市,2024-12-13 10:28:28.000000
ab746d3d-88ce-4de4-8448-995c57a5b553,近藤美穂,False,68,北海道札幌市北区,2024-12-06 00:09:15.000000
f8a732ba-89ed-4993-b598-6c7d5e129064,松田陽翔,False,84,兵庫県神戸市灘区,2024-12-22 11:22:54.000000
7e1ec014-3ce6-4a3c-a3a1-479a59431ae5,大森智也,False,47,岐阜県郡上市,2024-12-26 05:50:46.000000
c6b93dfe-998f-4546-b3d1-f4b620f884b1,石井和真,False,90,北海道旭川市,2024-12-23 08:41:04.000000
34b65702-bf7d-47e4-af3a-d03f07653058,藤井美咲,True,52,栃木県日光市,2024-10-30 23:42:32.000000
795e8c96-f7ca-4a08-b290-1e8758262355,松本芽衣,True,54,熊本県山鹿市,2024-11-09 02:38:06.000000
0997edd3-adc9-4b84-a0a7-944397565207,高橋心,True,82,東京都国分寺市,2024-11-11 14:37:37.000000
4bac5b65-fddd-487e-86c3-52f5346bddc9,永井麻衣,True,91,秋田県大館市,2024-12-19 18:22:20.000000
e6b691e0-1887-468a-b1e1-d7fd08fee7ff,青木海斗,False,92,福岡県田川市,2024-11-03 00:25:40.000000
c774939c-b95e-463b-ae94-99c72363b0f9,黒田大地,False,15,群馬県富岡市,2024-10-29 07:20:49.000000
9cefab18-4445-47bc-b6db-88df71efe87d,市川大智,True,36,埼玉県草加市,2024-11-08 20:57:47.000000
e58ce7a0-1ef5-40d1-8fd8-d0830bdf1a5c,鈴木大雅,True,89,岡山県岡山市北区,2024-11-30 01:21:57.000000
a924394b-0b33-4115-b52c-0db017ef9b7e,松山晴斗,False,27,大分県大分市,2024-11-08 14:01:38.000000
4fe4cba4-0597-4e85-8245-2284b1569e08,西田心,False,14,富山県南砺市,2025-01-07 11:54:58.000000
e4a19861-db1d-4581-b687-1748bc7d6570,川口美咲,False,86,北海道札幌市中央区,2024-11-18 03:05:13.000000
72a01497-4b34-4b48-a4bf-00b97ed4bab5,中田美沙希,True,85,三重県津市,2025-01-08 11:07:12.000000
0449a738-c82a-411f-99ea-45e24ecea7a2,横田海斗,True,59,神奈川県綾瀬市,2024-10-27 14:08:14.000000
ba1e4ca9-1cf8-433e-b438-1db894ba884a,藤田碧,False,44,岐阜県岐阜市,2024-11-10 12:35:22.000000
f3b276e1-fc47-4f7a-8f25-e4c1bd0d2c5f,田中陽葵,False,64,北海道釧路市,2024-12-21 19:11:25.000000
2bfac86c-a1f8-49ad-ab5a-3b730376e033,本田美波,False,52,千葉県柏市,2025-01-08 22:11:11.000000
2d87cdbe-dff1-4fed-b6bd-a23cd0916b1f,吉田陽斗,False,75,新潟県三条市,2024-10-29 13:31:04.000000
c6f4d8a4-8dda-4d5b-8451-d1aed14dba54,高橋陽斗,True,78,茨城県日立市,2024-11-10 13:49:57.000000
69945932-59e6-4c57-b75e-7ff4e7443cb4,佐々木龍之介,True,10,愛知県一宮市,2024-11-21 03:10:24.000000
e3f3bce9-58b5-4872-ae51-894cec9acd3e,橘さくら,True,47,東京都世田谷区,2024-11-01 01:10:43.000000
2117c5bb-2251-47ba-9e7c-5f850046efdc,伊藤大輝,False,96,愛知県小牧市,2024-12-10 07:06:48.000000
cf86f134-bbda-4b86-be7f-bc877e1d42c5,岡田さくら,True,34,埼玉県深谷市,2024-12-12 07:51:50.000000
693146c6-9ce3-4120-9a06-c2e2ff21f260,野口陽菜,False,95,千葉県松戸市,2024-12-09 01:34:56.000000
9f841d18-33aa-4221-ab7b-f03d6edb0478,近藤晴斗,True,88,和歌山県和歌山市,2025-01-09 02:27:11.000000
82579831-dc47-48b2-9c99-61799a5921f6,吉田美和,True,64,福島県郡山市,2024-11-12 15:23:43.000000
a72ebdc8-5cc8-4035-9205-f24355ce7c3a,石井太郎,False,61,新潟県小千谷市,2024-10-27 19:16:22.000000
d8b39286-67c7-4c0f-a598-398f7c97f4d5,大野海翔,False,57,大阪府大阪市西成区,2024-12-25 10:43:14.000000
77171fdb-bdf7-4eb4-aeda-4dc2a7a422c3,大塚翔太,True,19,鳥取県米子市,2024-10-25 19:54:47.000000
4ca94774-06a9-464a-914b-2f737af14813,横田美菜,True,78,愛知県稲沢市,2024-12-07 06:01:02.000000
f76880b9-9c62-4738-89a8-866dc7e60526,木村芽生,True,69,島根県松江市,2024-12-12 07:44:03.000000
01cbae70-05f7-4473-9a24-5ee9cc7a236f,後藤悠貴,True,44,埼玉県朝霞市,2024-12-01 13:02:38.000000
345bea14-b0cf-4081-ac3e-2ac48c0775c0,高橋美波,True,22,宮城県加美郡加美町,2024-11-10 13:53:14.000000
9e385e86-87da-41be-a575-908337a18a70,清水愛美,True,42,青森県三沢市,2024-10-19 17:15:13.000000
54890d0a-cc70-4f11-87b7-d0aac4ca5886,黒川晴翔,False,72,兵庫県川辺郡猪名川町,2024-10-26 22:03:19.000000
14ad33b6-d7f5-4af8-8e2c-a2f0eca0e713,竹内大翔,False,86,奈良県天理市,2024-10-23 19:08:36.000000
6bb80cef-33f0-463b-a392-673fa1c482d1,松山心愛,False,30,北海道旭川市,2025-01-07 15:06:48.000000
ad2c7bfd-a703-4456-981d-99eeb944e847,杉山陽太,False,56,北海道札幌市北区,2024-12-06 18:24:25.000000
ef8149a8-a679-4b21-8e99-0b845e66a578,小田美桜,True,56,大阪府堺市南区,2024-10-22 12:06:22.000000
5cdba1ca-d1ed-4fd4-ad3f-856e0cf81b12,林美緒,True,40,宮崎県都城市,2024-12-04 00:24:44.000000
daf1ab79-bffb-42a9-933a-18fd8a509ac3,菅原葵,False,82,大阪府松原市,2025-01-11 11:49:34.000000
6cb379d7-d3e2-425f-909f-bb368c391d45,竹内心,False,31,京都府京都市中京区,2024-11-11 18:02:15.000000
3db0986a-6dd5-4917-a8a6-0a88911ec679,河野悠貴,True,11,北海道厚岸郡浜中町,2024-12-24 09:16:59.000000
59031c10-a9d7-4546-ba95-33da2cbbaf50,山口紗季,False,51,北海道札幌市白石区,2024-11-29 07:57:50.000000
7e78589f-6b85-46d2-a274-e869139794c8,三浦陽菜,False,80,高知県土佐市,2024-11-09 23:11:54.000000
8c6d5547-9f65-4cef-8e41-a2848704046b,大野美和,True,65,岐阜県岐阜市,2024-11-26 16:26:20.000000
eab8a844-3e17-4eed-853b-eef3adb7ba8e,山口陽斗,False,81,岐阜県岐阜市,2024-11-30 19:14:36.000000
7de2bf7d-8c04-4778-80d2-6f43acad68f4,西村心,False,98,石川県能美市,2024-12-02 03:50:35.000000
5e619696-38f2-468d-b8c4-f7ba089cc01c,田中悠真,True,42,北海道網走郡津別町,2024-12-18 00:34:48.000000
6a2d1e17-729e-46bb-a1fd-4f2a03f579b3,松田翔,True,81,愛知県名古屋市緑区,2025-01-11 19:31:49.000000
7ddc8f05-1fff-4ef5-9f20-bf029368e754,大橋佳穂,True,65,北海道紋別市,2024-11-17 11:05:43.000000
94a057a9-f812-45e6-800d-2a7e9cb68561,今井龍之介,True,89,宮城県加美郡加美町,2025-01-14 00:59:06.000000
d8da574b-140a-4455-8265-32d8efb5f28c,川崎莉奈,True,36,岐阜県飛騨市,2024-12-31 03:16:03.000000
e8b1d005-b646-4fbb-9380-ec30a2e23068,平野明日香,True,80,宮城県仙台市宮城野区,2024-11-13 05:57:48.000000
ff6b0385-ef0e-4b77-908d-fa711080ff1c,木田悠生,True,80,大阪府高槻市,2024-11-06 11:36:45.000000
c05ee859-66bc-416a-95f2-876ae11613e8,岡田玲央,False,45,福井県福井市,2024-10-28 18:19:54.000000
c820a6ed-d705-4b3a-a64f-fac1ce7e48b6,土屋美玖,True,48,京都府京田辺市,2025-01-14 18:28:28.000000
911457c6-c1b6-4f98-8ba8-f8b4be3baf57,高木祐樹,True,76,秋田県秋田市,2024-11-12 15:19:58.000000
5f088cc8-3eaf-401c-a9c0-d0a64980eaa0,藤原颯太,False,16,青森県弘前市,2024-12-26 05:25:12.000000
b2268b57-fa5e-4266-b07a-9d7dddd2c5c1,岩田大輔,False,79,東京都江戸川区,2024-12-06 10:07:27.000000
fb39a77e-edb9-4319-bc90-eb566b2946b0,平野大樹,True,97,広島県広島市佐伯区,2025-01-14 23:31:01.000000
d87cb9c9-0af4-486a-9d0a-21613135a4c7,山口葵,False,47,大阪府大阪市住吉区,2024-11-26 00:44:03.000000
2ee76f84-eaaf-4fb6-9b39-f3e02a3bdd12,鈴木翔,True,94,福岡県北九州市八幡西区,2024-12-30 19:17:39.000000
79be056e-1157-4331-9cfc-50a3fbab4f90,木下和真,False,39,千葉県市原市,2025-01-05 21:54:20.000000
604b110e-5c54-4d46-b873-aff47f72213a,菊地悠生,True,94,北海道上川郡鷹栖町,2025-01-03 19:14:52.000000
b433ab46-533b-48b0-81d8-20b42f9105b0,吉田慶太,True,80,新潟県新発田市,2024-11-13 02:29:14.000000
ea655b2f-748b-4d14-98ce-c33d5e74d807,三浦晴香,True,54,北海道瀬棚郡今金町,2024-12-17 13:54:46.000000
51fadb5d-4e04-4042-82e9-3c759f04586a,松田光,True,21,大阪府大阪市東淀川区,2024-12-28 01:36:05.000000
feb0e2eb-0beb-4b86-a61c-d8bf82f7bfe8,江藤美沙希,False,57,兵庫県加古郡稲美町,2025-01-14 18:10:29.000000
952319a8-e0fd-4499-9458-872e9224586d,前田結衣,False,48,愛知県一宮市,2024-12-15 06:08:13.000000
7254edc1-2457-4474-a073-9d5e2a02c78b,川口翔太,True,76,茨城県水戸市,2024-12-25 21:56:03.000000
cb31c3df-da48-4a92-9e5d-0c3ed81bc9e7,石井美菜,False,13,新潟県新潟市西蒲区,2024-12-29 20:59:43.000000
49e62887-9e17-487b-a50d-b352f1007415,松本美咲,False,67,北海道札幌市手稲区,2024-11-20 05:50:46.000000
55691a10-327e-4b4e-971b-815516cc4048,矢野美智,True,64,長崎県諫早市,2024-10-31 21:15:36.000000
7044f974-3ad5-4da7-b9ae-eb97ecea5031,松山美悠,False,74,大分県別府市,2024-10-20 12:36:00.000000
ff80ad68-4e37-46a4-9c38-cc8b1d21939c,市川翔太郎,False,35,埼玉県さいたま市見沼区,2024-10-25 18:48:44.000000
1240830a-f83c-4a6c-a8af-6cd9f64ebde1,橘拓海,False,74,青森県黒石市,2024-12-01 21:38:56.000000
b5ee76e5-be3f-4268-af3c-15a46e821a13,松田美和,True,39,静岡県静岡市葵区,2024-11-10 18:20:12.000000
91c4696a-f726-46e1-8df0-315efe71d83d,吉田大智,False,31,愛知県豊田市,2024-12-12 15:56:57.000000
7e6dd66f-05bf-451e-9b2b-1617b39d0d5c,大森陸,False,93,秋田県北秋田市,2024-10-18 07:20:27.000000
d5e0a3b3-673e-4c34-9f05-9f8c857a87f9,松岡陽向,True,96,大阪府堺市北区,2024-12-29 13:02:29.000000
d9fb5f5d-62ef-4f1b-bba8-f98d450130c0,高橋華,False,21,神奈川県鎌倉市,2024-12-30 19:50:16.000000
090d4118-96a0-430c-a676-58e097a18ded,浜田龍之介,True,79,岡山県真庭市,2024-11-04 20:02:38.000000
9ce9a1a7-7b97-488e-879a-5bf6dfadeb9b,大野紗季,False,99,兵庫県尼崎市,2024-12-15 08:36:23.000000
278a11fa-b831-49e1-a6c7-ad97ee159dd9,橘悠馬,True,30,新潟県燕市,2024-10-27 00:12:32.000000
beadd78e-8ed0-4dba-8633-6854562d7a70,佐々木涼太,True,52,北海道札幌市北区,2025-01-05 17:40:20.000000
cc28e9f6-5733-4a32-89ef-58940760bdf7,藤井芽依,True,62,大阪府藤井寺市,2024-10-30 18:16:38.000000
f4d7ef34-76e4-47b2-a55c-429af47a54f1,岡本美香,False,84,滋賀県近江八幡市,2024-10-30 14:34:31.000000
7da657a4-30fb-492e-866e-ffbf0f634655,安藤海里,True,96,富山県魚津市,2024-10-31 12:39:57.000000
91451a52-bdf1-4bd4-9b8e-65f540cbd211,後藤智樹,True,77,三重県度会郡度会町,2024-10-28 00:54:46.000000
4a716c90-62bd-42e9-bb62-cf395799df9a,木下心,True,69,岩手県釜石市,2024-10-24 01:40:35.000000
5e5138a6-a820-4061-8e56-3310bcf30070,池田玲奈,True,67,岩手県和賀郡西和賀町,2024-12-04 13:15:14.000000
de10a0a2-bf05-4fae-a142-58fdaf034954,長谷川美咲,False,41,山形県南陽市,2024-10-23 23:23:50.000000
ef76b516-507d-4e46-9747-b0225ad923d6,岸本悠莉,True,91,千葉県富里市,2024-12-14 16:16:15.000000
331a39e2-b96c-4ae1-877a-8654c7a99f38,横田翔介,True,57,長崎県佐世保市,2024-12-05 13:44:17.000000
cc0ec203-2110-4657-b784-fc6ed05f28b8,前田次郎,True,39,鳥取県鳥取市,2024-11-20 00:13:17.000000
c507cccf-efaa-40ef-859a-e9460d3a9aff,渡辺美咲,True,27,北海道札幌市西区,2024-12-17 16:51:43.000000
b1254343-c845-46d0-8017-0e4c2288a336,川崎瑛太,True,18,兵庫県神戸市兵庫区,2024-12-04 23:55:40.000000
e1b04e5d-5a23-4b5b-9876-e55f18ecbd55,江藤美玖,False,12,神奈川県川崎市麻生区,2024-12-20 14:06:52.000000
c473e141-213d-4dfc-9f6a-e59e703843d0,桜井結衣,False,13,岡山県美作市,2024-12-23 11:22:28.000000
33b9c02f-6224-46e4-836f-a01ec091eb5e,永井翔馬,False,51,岐阜県羽島郡岐南町,2024-12-18 03:36:27.000000
64807ad2-cda2-4d5b-9fb3-bd44869aa7ae,松本悠真,True,48,茨城県桜川市,2024-12-17 20:45:30.000000
d6b593f3-3c03-44e9-8b3c-cba791baca99,岸本玲,True,76,北海道帯広市,2024-12-02 20:43:19.000000
08777d7f-9a99-4af7-be03-d57dab41607a,竹内翔,True,75,群馬県太田市,2025-01-12 12:56:11.000000
feddc388-07fc-450b-b515-a76dcd310f6c,川崎大翔,True,88,千葉県船橋市,2024-11-20 00:30:36.000000
cbdd14b8-ee6b-47ea-ba8e-572d95a0ff02,安藤心,False,55,青森県三沢市,2024-12-31 11:14:27.000000
c7cc1818-b1e9-46b3-8c8d-4cfb24610aa5,吉田大翔,False,13,千葉県柏市,2024-10-19 04:27:14.000000
a3a37047-d5ba-4ce7-beb1-d295ebea0af9,川崎陽太,False,68,山形県酒田市,2024-11-20 11:05:17.000000
f6dd92b0-b54e-4230-968c-5c53ff9e118a,大橋拓海,False,37,茨城県小美玉市,2024-10-26 14:49:28.000000
c6bbcc89-2dbd-4ed8-a269-43de5c4c07c4,田中愛菜,False,51,千葉県柏市,2025-01-02 02:31:12.000000
45b528fb-0ebd-4679-b1ed-4b2e2eff30e9,安藤愛菜,True,78,福岡県北九州市小倉南区,2024-10-28 15:02:27.000000
d246041c-0a1f-4c68-a567-2410697e6e5f,宮崎真央,False,33,愛知県稲沢市,2024-12-22 00:37:18.000000
04807945-76e2-439b-bb0b-ba0682c7d701,加藤美結,True,24,福井県小浜市,2024-12-22 14:58:07.000000
ae7a2995-b027-4255-9535-6aa12e44993d,酒井一郎,False,20,長野県中野市,2025-01-05 07:01:35.000000
dcd453db-4ef1-442c-b951-d260365c6a11,高木美穂,True,16,北海道帯広市,2024-11-16 18:56:45.000000
b255d9c5-2f30-45a0-b0b3-3a91b0697c7b,松田悠生,False,89,岡山県美作市,2024-12-26 08:03:11.000000
0c9aa28f-27fb-42f5-90af-444e933a77e1,大塚碧,True,15,岩手県奥州市,2025-01-11 13:33:53.000000
31ec8b74-c14f-4e2b-8671-80b1cfdbf672,福田陽翔,True,18,千葉県柏市,2024-12-19 19:21:07.000000
681e1c2c-8a3c-47be-a9a5-8a8d932d9c1e,今村美樹,True,66,新潟県五泉市,2024-11-13 10:02:27.000000
03c31af5-40f3-4903-9932-995e7c22247a,長谷川海翔,False,81,北海道上川郡清水町,2024-11-27 03:31:00.000000
af2ebfb7-b4ca-4ac3-ace5-f1b5977827d8,安藤里奈,False,22,石川県小松市,2024-12-02 21:07:23.000000
eb78cadf-6fd6-405d-b29f-da4465e7a9b3,岡崎涼,False,22,広島県呉市,2024-11-27 12:25:04.000000
832ccb27-83c8-4ec6-ad00-68eb320b9726,田村美佳,True,96,福井県あわら市,2024-10-22 10:14:46.000000
9cf025c8-5b5e-42fa-805a-e9029a8fcc5d,大橋真理,True,26,神奈川県平塚市,2024-10-25 02:55:44.000000
f1689bff-8c15-4dc2-a488-1047ed4c6584,伊藤陽介,False,39,東京都港区,2024-12-21 03:42:02.000000
6646f0e5-794e-4b2f-8b8c-e3ee56947511,松田陽太,True,83,埼玉県さいたま市西区,2024-10-26 04:33:11.000000
cce1e1ee-5f11-44de-8c89-af860cea77ec,清水颯,False,55,岐阜県岐阜市,2024-11-22 15:38:33.000000
0afa25fb-98f8-429a-bf88-b18db22795a2,大森大智,False,88,静岡県静岡市駿河区,2024-10-24 13:04:43.000000
c8d3c1e3-73d8-496d-81fd-58f0c71cc3ab,西村美沙,False,78,茨城県稲敷郡阿見町,2024-12-16 17:48:02.000000
95bd78e2-070a-49ca-b29e-6dc5fe009e35,野口悠樹,False,28,富山県富山市,2024-12-25 10:25:03.000000
f9cba8df-c5c8-4aeb-8257-a24ed43d13d8,川崎翔馬,False,10,富山県高岡市,2024-10-22 10:16:09.000000
65a0ac90-df74-4e8c-9557-7e9a10cbfe54,吉田健人,False,95,千葉県千葉市若葉区,2024-12-15 21:32:48.000000
eeba294d-7302-4996-90b9-3c4cf2ac5f9e,橘大雅,True,42,高知県安芸郡安田町,2024-10-29 22:03:56.000000
61180fea-317d-4147-8f7a-02441c7149f2,大橋陽向,False,58,宮城県富谷市,2025-01-06 08:53:43.000000
e5424d6a-b2f9-4ee5-a02d-d42979ea71ff,阿部優花,False,53,東京都八王子市,2025-01-10 14:30:32.000000
1a73bae6-81ea-4beb-9303-0b3c4b7e96d9,西村直樹,False,27,東京都江戸川区,2024-12-12 13:34:45.000000
38bc5e4e-1b5b-445f-8cb9-d5442b986e0f,大森直人,True,62,茨城県土浦市,2024-11-20 21:21:58.000000
15baec4b-d083-46ca-8c35-95c779a54b89,川口さくら,True,23,兵庫県丹波篠山市,2024-11-23 15:46:46.000000
aba8bbb4-4607-453a-97e3-da8b75fa9f06,藤田真理,True,50,香川県観音寺市,2024-12-19 22:49:42.000000
df1e1530-da4b-4e80-b2eb-3dcb2a055e15,川口芽衣,False,27,富山県富山市,2025-01-12 05:15:17.000000
57f6d36f-2c7e-49ad-8df9-6c43609f9eb6,前田龍之介,False,71,三重県桑名市,2024-10-22 06:38:42.000000
867e8ad5-bf64-45f5-83de-dce09c9ee625,松井美波,False,52,愛知県名古屋市昭和区,2024-10-19 18:55:26.000000
c3bcf4f6-602a-4c00-b10d-2d60bcb818ad,近藤陽斗,False,26,沖縄県島尻郡伊平屋村,2024-12-03 10:22:30.000000
a2b0ad6b-833e-4d46-b002-ac495813bede,阿部美智,True,38,高知県四万十市,2025-01-11 20:27:56.000000
9d15fe21-d947-4b4f-9f61-16a01a686bb2,大橋健人,False,84,北海道旭川市,2024-11-13 02:31:49.000000
75141ea7-4031-4658-8fdc-9cbb97373c3c,浜田結斗,True,17,徳島県徳島市,2024-12-04 00:58:59.000000
c4b68db8-0080-4b85-a769-169861f5fefd,長谷川美穂,True,60,大阪府大阪市淀川区,2024-12-19 09:36:16.000000
1fa92696-c2f4-43b1-86b5-c264685f64e5,藤井大輝,False,77,神奈川県横須賀市,2024-11-03 04:30:55.000000
72c396ac-39bf-4459-964b-30806fb86912,菊地大雅,False,94,愛媛県八幡浜市,2024-12-07 05:53:59.000000
c2836abc-f327-423d-bb61-d8b8dfb79937,岡田智也,True,19,北海道釧路市,2024-12-28 16:47:13.000000
0df97142-f4b6-457a-952f-4831a9dbbaf6,田口美玲,False,28,静岡県下田市,2024-10-22 12:23:45.000000
62eb1cab-0603-4877-aae5-6e266bc26051,西村千尋,False,96,東京都町田市,2024-12-10 14:46:21.000000
648dcf34-4af8-4984-9d91-1a1a54fffb38,木下彩花,True,88,長崎県北松浦郡佐々町,2025-01-06 19:50:20.000000
3b1f0d37-1074-4245-9ca2-a0745bde6e38,池田千尋,False,74,愛知県名古屋市熱田区,2024-12-04 04:45:57.000000
4a7c825c-448c-463a-a3ee-f6b67f4f1320,前田葵,True,29,東京都八王子市,2025-01-14 05:17:46.000000
31f5d5ae-f784-4751-a767-38c9c90ed3ad,橘翔馬,False,25,北海道札幌市北区,2024-12-01 22:25:12.000000
bcdc35c4-3419-4c23-986e-7c4125fe3cde,橘美咲,True,73,岐阜県岐阜市,2024-10-27 15:43:14.000000
c5067cb0-764a-4197-b613-646e8e38277d,山田結斗,False,66,北海道厚岸郡浜中町,2024-10-21 16:23:32.000000
bad13807-6171-4169-b98f-2418835f8d77,鈴木一真,True,97,北海道白老郡白老町,2024-12-23 10:01:13.000000
5e59cb19-70e1-4b8a-9e37-3de403cf0d60,中村美和,False,59,京都府舞鶴市,2024-11-12 10:32:56.000000
0dec8c8b-a55b-4870-a648-f83e404ee6ec,大橋真由,True,36,北海道旭川市,2024-10-21 19:51:16.000000
f9710c56-da8b-4d11-968e-75e4aa8196bc,小島美悠,True,50,福井県大飯郡おおい町,2024-12-06 11:46:02.000000
98ece594-bd16-4f04-ae5f-aa75de34a4a5,菅原美悠,False,95,長野県上田市,2024-11-05 23:10:01.000000
9cb1f32a-ba53-4dc4-ae46-ee1995cfffb9,池田悠生,False,95,岐阜県多治見市,2024-12-12 05:36:34.000000
9c1d534a-5a04-43db-8d68-ae373bae20c4,河野美香,False,34,愛媛県新居浜市,2024-11-25 16:22:40.000000
7e96ad00-318a-497b-bef1-afda9223eb21,藤原悠斗,False,25,宮崎県東臼杵郡門川町,2024-10-19 02:50:08.000000
f884b3db-e151-422e-af25-e199a6431285,菅原玲,False,90,宮城県仙台市太白区,2024-11-07 14:52:28.000000
a80414d5-53d4-474f-a909-fa74b9808616,松本美玖,True,59,三重県桑名市,2024-12-01 21:46:25.000000
30a22545-749e-4783-9a4a-2d1465474ca6,池田真央,True,33,山口県下関市,2024-10-21 03:45:12.000000
f37e19b5-6f01-47d1-ad70-1f147fc05a57,酒井美桜,True,14,神奈川県足柄下郡箱根町,2024-11-30 23:24:29.000000
4ade8962-1be1-47ef-8528-b536b8eec789,川口拓也,False,54,石川県河北郡内灘町,2024-11-19 23:04:35.000000
b893b0c4-cfa6-47de-a2c2-efa156a4371e,加藤智樹,True,24,京都府京都市下京区,2024-12-12 20:35:00.000000
1bed5509-5361-4768-b412-740829204fe7,佐々木大輔,True,85,北海道白糠郡白糠町,2024-10-23 14:46:44.000000
877624bc-49ed-4806-9c3a-c5fa088bea1a,山本梨奈,False,74,兵庫県豊岡市,2024-12-01 12:04:02.000000
93929636-532c-4af1-8fe6-90cbba43f944,永井陽菜,True,66,愛知県北名古屋市,2024-11-24 19:13:57.000000
6ffa465d-bd35-4419-90d9-b5671ea8af40,横山直樹,False,72,東京都青梅市,2025-01-04 00:33:31.000000
4ceded8b-1360-427b-8ab9-beb7c351cf37,杉山真央,False,68,北海道旭川市,2024-10-30 10:54:15.000000
4f32219f-ab94-4dc4-9133-480434cd5fef,吉田愛美,False,20,静岡県藤枝市,2024-10-22 23:13:28.000000
dbb7ebfe-efbd-4d52-90ff-426fe6059e1e,青木晴斗,True,90,兵庫県伊丹市,2024-12-29 10:29:19.000000
fd17f76f-9e8c-4f5b-a153-3319344a15f1,加藤美和,True,74,青森県八戸市,2024-12-30 13:51:25.000000
d74c01c2-fcfd-4423-a905-e812c4a8e4eb,坂本彩花,False,26,三重県四日市市,2024-11-29 16:39:56.000000
e065d562-1b39-4c36-9dfa-3d53ba383d72,川口瑠奈,True,51,千葉県佐倉市,2024-10-25 05:37:17.000000
6ae76452-5180-4e5c-a0d9-6f5da7f0db31,大橋菜々,True,80,岐阜県大垣市,2024-12-16 19:41:56.000000
f635b919-8ec9-4909-a4ab-bdaa8561abe6,木村直人,True,27,福岡県筑紫野市,2024-12-04 17:14:37.000000
4090f006-6ac2-4a2f-ba18-55c2b07dba98,青木海翔,False,13,宮崎県串間市,2024-11-20 16:49:17.000000
4322c74a-77bc-4ede-a111-64490f8f5ee7,小田芽生,False,87,千葉県夷隅郡御宿町,2025-01-14 17:10:44.000000
6c7844d8-7940-46bf-8f9c-f326657bb4e2,河合菜々,False,34,岐阜県大垣市,2025-01-12 11:58:05.000000
1d57002f-4490-47d6-a073-a560c599e5b2,後藤拓也,True,10,北海道旭川市,2024-12-12 03:33:31.000000
738326f4-047a-474a-affb-7af2b293b7f4,横田海里,False,88,北海道札幌市東区,2024-11-30 08:34:33.000000
8042235e-ba19-4f66-928b-77757f3ecec3,中村光,False,11,高知県高岡郡四万十町,2024-12-02 02:18:04.000000
8959a009-5b76-4069-87a5-28d97884a2b9,黒川大地,True,82,北海道苫前郡羽幌町,2025-01-03 21:51:44.000000
2eb4c3c2-1f42-415b-9b91-8fb6b8fb8410,市川陽太,False,50,広島県広島市西区,2024-12-11 14:57:52.000000
c685f88c-0a37-4d60-9b30-3b0be377ee2f,佐々木美悠,True,53,佐賀県伊万里市,2024-12-31 01:15:12.000000
a29c8852-34af-42b7-b74d-ee07225cc0ec,山田直樹,False,70,和歌山県田辺市,2024-11-12 17:22:56.000000
0ae0dc78-6491-41f1-a3e2-9ff1c6ec742a,宮崎晴斗,True,95,北海道札幌市西区,2025-01-07 01:36:47.000000
d2a5e595-c5ae-48db-b976-dd20f5493041,今村陽菜,True,81,愛知県津島市,2024-11-09 03:23:49.000000
a438cbf8-b451-4c12-a0b0-acb9a7a8fe47,藤井美玲,True,40,埼玉県本庄市,2025-01-11 03:25:16.000000
967ea6d0-d290-4049-9d5e-1b7cc62d351e,田中芽衣,False,93,北海道帯広市,2024-12-23 02:34:57.000000
e1bc1ea2-ccea-44d5-ba34-c15469f2ef3f,池田悠莉,True,48,愛知県稲沢市,2024-11-22 15:37:11.000000
541ad87c-7e78-460b-b086-a9b09da02c8b,菅原一郎,True,21,宮城県刈田郡七ヶ宿町,2024-11-15 19:10:04.000000
057e5798-301c-48ac-b804-e6a472c62898,松井翔馬,False,71,群馬県太田市,2024-12-11 22:43:25.000000
ff4b50e6-3194-49f3-9a46-2dbca13cdabd,梅田佳奈,True,75,山形県長井市,2024-12-14 03:39:57.000000
23265f6b-b1cc-42bc-9164-50713ec78c58,池田華,True,25,岐阜県大垣市,2024-11-23 07:40:06.000000
14b9870a-3a73-4f34-91b3-d9a09f714145,岡田陽向,False,83,千葉県君津市,2024-12-13 05:20:41.000000
a032a1ff-3ecb-4fb0-99fd-607ea4be0f8b,河野亮,False,16,大分県大分市,2025-01-05 19:00:03.000000
a574a05b-8b95-4cef-8dd3-d112cfcf308a,後藤健一,False,20,滋賀県近江八幡市,2024-12-02 15:58:38.000000
60621a6c-3bde-47ad-bc36-90ac56dc1d9f,松本心,True,12,北海道苫小牧市,2025-01-14 17:23:28.000000
e71fe62f-ca4c-40cf-a50d-9274ba46f5be,松本美桜,True,61,山口県下関市,2024-11-08 03:33:23.000000
af6a42ce-d157-4375-9aaa-3d3b3c92195b,黒川愛美,False,16,新潟県新潟市東区,2024-11-05 15:19:14.000000
1f2875ff-93d6-4a3e-9e1f-77f4d5899c4a,近藤詩織,False,17,秋田県南秋田郡五城目町,2024-11-11 14:09:46.000000
e05f19f2-372f-4ced-8e80-29ff81efcbb5,岡田涼太,True,89,和歌山県海草郡紀美野町,2024-12-26 09:55:03.000000
28b5a395-a1d9-408f-bae5-e342dc1df449,松岡美波,False,37,石川県能美市,2024-12-19 23:28:16.000000
0ee442e7-10ac-4f17-a5a0-996d2aaba853,酒井美穂,False,74,岡山県岡山市中区,2024-12-22 14:54:14.000000
44376799-854b-48f8-ab27-505283582081,永井菜々,False,21,三重県伊賀市,2024-11-03 08:58:46.000000
ca1bd996-f664-4482-bf65-b48ee0a16388,森美結,False,38,長野県下伊那郡天龍村,2024-12-07 11:58:43.000000
60152a1b-f3b3-4bc6-b320-2a3ea7041990,横田陽翔,True,32,大阪府松原市,2024-12-27 10:55:44.000000
815ca088-bacd-47b7-a696-8c60b43bcf9d,青木悠真,True,55,京都府京都市南区,2024-12-23 18:30:27.000000
bb3816a3-e032-4ec1-9cd3-d717ba0a9183,岸本海斗,True,51,京都府京都市南区,2024-10-29 14:03:02.000000
6fee5dae-b5ee-459a-b092-17f15525b742,阿部美菜,True,26,北海道美唄市,2024-12-28 10:30:15.000000
831e7bda-18b5-4f36-8922-c826bc16961d,川崎大翔,True,79,埼玉県越谷市,2024-12-25 13:12:15.000000
c87aac26-e16f-4c5d-a4d2-0d7f6fe9bcff,浜田和也,True,43,岡山県赤磐市,2024-11-13 00:40:31.000000
c7d3e75c-3a96-4bbc-8bb1-c3a513826a8d,石橋さくら,False,39,京都府船井郡京丹波町,2025-01-09 03:20:33.000000
713df6e3-e0ac-489f-bd27-44d9cd4cad5e,松本涼太,False,53,鹿児島県肝属郡錦江町,2024-11-03 07:01:31.000000
8c732ba2-b9c6-4119-aca1-68027dc34aa1,近藤翔馬,True,17,富山県黒部市,2024-11-14 01:53:08.000000
236d5ed5-c170-4286-b879-a5f2470629fa,後藤美咲,False,11,兵庫県丹波篠山市,2024-12-16 12:59:26.000000
1cbc9c85-5cdd-476f-96dc-6574d5ea3818,村上玲奈,True,62,愛知県尾張旭市,2025-01-15 00:38:24.000000
5ceb04d9-b8cd-4e1a-a8eb-f9d82acd04a2,伊藤慶太,False,11,北海道石狩市,2024-12-06 16:32:59.000000
3ad31ae4-172c-46b0-861a-6785271208da,宮崎悠生,True,99,京都府京都市右京区,2024-12-02 03:53:23.000000
327749ac-a36b-4096-9509-de6eb1e65c58,阿部悠馬,False,79,兵庫県神戸市兵庫区,2024-10-25 11:22:34.000000
e6e04d68-eaaa-450f-992c-74643e048e26,青木莉奈,True,25,長野県中野市,2024-12-23 12:57:19.000000
43d178ed-9e66-42b5-9985-96d768fd28c0,中川美波,True,80,北海道網走郡津別町,2024-11-01 07:48:01.000000
cb6dcbfb-f701-493d-8124-36a1c3b9fb6d,田口颯太,True,93,長崎県佐世保市,2024-12-21 08:00:05.000000
ee1682cc-e6ab-42d3-9c12-f4b8be67774d,佐々木美咲,False,12,宮城県仙台市太白区,2024-11-25 17:17:13.000000
c6792028-cb51-4f6a-a926-837454efe9a8,中川悠莉,True,37,長野県松本市,2025-01-08 13:39:29.000000
bdfc2e2d-c9b9-4b2a-8c02-c10b44ff4179,松井颯太,True,94,秋田県秋田市,2024-12-05 14:12:53.000000
564fd578-0b0f-4e36-bc78-0ad9ad7a26cc,吉田美波,True,97,滋賀県犬上郡多賀町,2024-10-22 07:22:56.000000
8cf269ce-491d-4128-85f5-24ed26e8567d,山崎大地,True,15,群馬県藤岡市,2024-11-06 08:20:37.000000
132fa88f-46c2-4315-bbf2-481923c873bd,高橋美樹,False,16,長崎県大村市,2024-11-05 09:25:19.000000
d675a719-111e-4c37-b0da-18705ecc7e28,岸本陽向,False,93,大分県中津市,2024-12-16 01:41:32.000000
9c92a402-57d4-4c55-8b4c-772c2ddb6304,今村蓮,False,54,埼玉県春日部市,2024-12-10 17:32:27.000000
285df472-e9d3-4ddc-a54d-c3c3c138b6f8,坂本芽依,True,50,福岡県柳川市,2024-12-13 23:01:09.000000
9a036193-5ad6-4d00-932e-badce7d0749d,清水美玲,True,45,岩手県盛岡市,2024-12-29 04:37:39.000000
be17cb8a-7610-4bd5-a811-5739f48af0e9,小川陽太,True,10,北海道空知郡上富良野町,2024-11-13 15:09:22.000000
675312ac-dff2-49b8-9f09-9324ecebb972,森田花子,True,94,神奈川県横浜市中区,2024-10-25 22:08:31.000000
1a5652be-f261-4384-a8d0-8c817ec58d4a,森田真理,False,63,高知県高知市,2024-12-12 08:05:15.000000
d690c83e-8936-4e12-b48e-dae5a06625c5,後藤美結,True,94,埼玉県久喜市,2024-12-02 16:00:04.000000
82be0f5c-a7ef-4a9a-9fad-3877310269c1,村上陽向,False,23,徳島県三好市,2024-11-11 18:21:25.000000
04770485-e7b3-46d3-beb8-b13f0d217f3a,今井海翔,True,78,愛知県稲沢市,2024-10-19 05:22:52.000000
57bbd13e-bd1a-48be-8e8b-bc7467ec73d4,安藤拓海,False,40,岐阜県岐阜市,2024-12-31 15:51:14.000000
2341711c-5512-4cc8-92ce-99c0fda35d05,石井芽生,False,49,徳島県三好市,2024-11-26 01:40:53.000000
9aa08a07-1e12-4c13-af97-e434016497f9,岡本健太,False,18,愛知県名古屋市守山区,2024-12-16 16:11:59.000000
24b2adcd-3565-4f8a-8221-fc2f12318c9d,大森紗季,True,40,熊本県八代市,2024-11-25 09:54:05.000000
12b61a36-20e3-425d-aa46-affaa311e8b5,田中大翔,True,34,福島県郡山市,2024-10-31 03:43:24.000000
a3491123-5c82-4c70-8721-56120a2eb334,酒井悠貴,False,35,山形県西置賜郡小国町,2024-12-17 16:36:09.000000
346bee27-14cf-43dc-bd06-804da34780a4,中島隼人,True,72,福井県小浜市,2024-12-28 13:44:28.000000
7439fcd2-a994-45c9-81cd-150716c8d88b,大野真理,False,69,群馬県渋川市,2024-10-31 11:57:59.000000
015b4ac3-3e91-4eea-84da-d71168c0059f,安藤和真,False,70,福井県福井市,2024-10-20 20:35:26.000000
4bbaa14e-2b6a-41a9-9b57-d27d1303b628,竹内龍之介,True,91,愛知県碧南市,2024-12-28 20:53:14.000000
b6b96f6d-ba12-4e47-8a33-89be797da912,土屋拓真,True,41,北海道岩見沢市,2024-12-19 00:09:02.000000
10a4315c-c7a6-4f88-802a-9d25e8167a61,大西大翔,False,53,広島県広島市安佐南区,2024-12-13 16:26:25.000000
8f21bf60-1b8a-4429-9f50-7cee9edf69d8,木村芽生,True,14,北海道石狩市,2024-11-26 07:53:48.000000
dcc412bc-4363-4414-9923-47715b2f0c96,石橋大翔,True,88,兵庫県宝塚市,2024-11-13 05:32:47.000000
dee0adce-d92d-463d-9682-ea1f74767245,菊地陽菜,True,40,福岡県福岡市東区,2024-11-03 07:41:25.000000
c48b1eef-c304-4db0-9b03-072b82fbffb7,井上蓮斗,True,42,北海道北広島市,2024-10-26 23:19:37.000000
c10df392-b359-43e4-b02e-88bbe3adbadb,今村琴音,True,37,兵庫県神戸市東灘区,2024-11-05 19:05:33.000000
7f821c0d-0f29-4e6c-b531-bc72436de10b,佐々木海翔,False,38,北海道岩見沢市,2024-11-17 18:50:30.000000
52a1b492-a99f-4058-aa53-8477a6199a80,藤井悠生,False,31,茨城県筑西市,2024-12-03 07:21:20.000000
518c4028-ffe0-46b4-8b63-23dd97d02463,伊藤梨奈,True,64,北海道網走市,2024-11-27 15:52:47.000000
c2d2376b-bc1b-43ad-9bae-8d7fbb3c6949,小川拓也,True,55,秋田県湯沢市,2025-01-10 23:13:46.000000
0cf679b7-a2b6-4db5-941e-80169ab21165,岡本美悠,False,32,北海道標津郡中標津町,2024-12-17 05:56:01.000000
9a9672ec-a39a-4e38-872d-729d960eab9b,小林陽菜,True,70,大阪府大阪市平野区,2025-01-04 09:16:58.000000
2e023c67-e7c1-419a-854c-323b9a56eef3,松田陽菜,False,53,愛知県大府市,2024-11-27 15:06:45.000000
27c2c010-a85c-4e46-a022-1601a410ffa9,松岡芽依,True,90,東京都世田谷区,2024-11-18 19:43:50.000000
fed890f0-564e-4efb-942a-bdc79f1c98fd,高橋陽向,True,27,岩手県盛岡市,2024-11-19 15:55:31.000000
97de1763-a436-47d1-a8cf-78129326f809,山本陽向,True,36,北海道標津郡中標津町,2024-12-12 04:13:14.000000
ee82ce42-1bf7-4498-9718-9929d3cd0468,阿部直人,False,47,岐阜県大垣市,2024-12-26 21:55:04.000000
55fcbd40-1efc-4404-a071-1fc6bb112652,後藤大翔,False,60,愛媛県新居浜市,2024-10-28 07:43:42.000000
e3b0a8b9-ba96-4bc7-844b-d33f7dbb25ec,安藤雄大,True,75,熊本県菊池市,2024-10-30 16:10:37.000000
7190401f-f721-46f2-9bc2-e1739c226b13,河野晴香,True,62,北海道中川郡本別町,2024-12-08 15:11:58.000000
0a5cdcdf-9f01-4fab-903d-e35583abd24f,西田悠莉,False,71,北海道上川郡当麻町,2024-11-08 08:28:04.000000
96888a12-fbb9-4c36-83ff-8b713c131d7f,吉田直人,False,85,富山県南砺市,2024-12-29 05:38:34.000000
6ba6c3fe-ab8a-442c-bd88-ef604bbfa091,安藤直人,False,31,新潟県胎内市,2025-01-14 03:14:02.000000
3098e86b-f71d-4cef-9389-4fe76d1d35ff,伊藤太郎,False,66,広島県廿日市市,2024-10-25 17:30:07.000000
77817ebd-a77f-443c-9928-3941896a3f99,岩田陽翔,False,80,山口県下関市,2024-12-25 13:13:38.000000
0984e854-38b2-49db-a229-b04a360e9671,福田陽翔,False,64,福井県三方上中郡若狭町,2024-11-16 08:04:02.000000
3a2a92e7-cbcb-40e2-8196-9da895d939d7,大塚心,True,31,静岡県島田市,2024-10-21 07:43:47.000000
dc20a7df-5473-4fc9-bd97-6baeb3f01362,本田琴音,True,36,岐阜県瑞穂市,2024-11-11 15:26:10.000000
0a221828-b29f-4f93-967a-e212bab83049,梅田明菜,False,46,新潟県十日町市,2024-11-24 23:04:31.000000
a46ee08a-7fa4-436d-b5ce-3c8b3c300469,杉山拓也,False,27,大阪府枚方市,2024-12-23 00:05:56.000000
871b20d9-09ec-48f2-af01-2a1c3d5dba33,鈴木陽翔,True,98,兵庫県赤穂市,2025-01-13 17:17:16.000000
4e7649e5-23e2-40d5-8616-f11bd6ddbe72,坂本優,True,84,北海道上川郡東神楽町,2025-01-01 12:18:11.000000
19af9ee8-ac3c-426b-9c67-247326d8ec86,平野太一,False,23,神奈川県厚木市,2024-10-20 09:19:37.000000
f5a662ee-a119-4211-a683-aa09870d5ad5,黒川佳穂,False,95,鳥取県八頭郡八頭町,2024-11-28 19:09:09.000000
ef72bcbf-fb8c-4540-89d5-4725889b79bc,中村美和,False,39,佐賀県佐賀市,2025-01-02 03:07:37.000000
a96679f3-8664-4344-aa17-699d5a02b7fd,田村龍之介,False,76,大阪府枚方市,2024-11-20 13:38:24.000000
8be7d0ad-faa9-4aa5-ba1e-9e35e266608d,近藤美沙希,False,34,兵庫県明石市,2025-01-15 08:17:01.000000
2df180e2-8529-48d6-9be3-32ed843db306,岸本悠生,True,48,静岡県磐田市,2024-12-21 04:26:56.000000
60e9a53c-506d-4d7a-8535-74794f7cf458,野口蓮斗,True,30,福岡県糸島市,2024-12-23 03:33:49.000000
63143a7a-e7a7-4aa6-8b13-714c7aad8338,荒木雄大,False,45,佐賀県神埼市,2024-12-29 22:50:26.000000
0c8021db-7a82-448d-a099-f8dea4e2a4fd,今村明菜,False,56,兵庫県加西市,2024-11-16 04:13:03.000000
f0e03db4-a912-4549-987c-892b46af7d9d,今井慶太,False,32,徳島県吉野川市,2024-12-15 12:47:06.000000
a345548a-e294-444d-a88e-10977c7890ae,長谷川大樹,True,30,京都府舞鶴市,2024-12-19 06:31:01.000000
057993c5-a330-48dc-a05a-fd7f8297a1b7,木村美結,True,91,北海道美唄市,2024-11-19 09:35:13.000000
98d917cd-b1dd-417e-93c1-010c2d9168f6,松井翼,True,59,兵庫県三田市,2024-11-13 04:38:27.000000
1a3e1aa3-2a76-417e-8140-33e29da4cb2a,石橋陽介,True,36,埼玉県さいたま市南区,2024-12-13 02:17:39.000000
90641416-01e6-4512-b2f5-32e9e2c432c7,清水美穂,True,10,福島県大沼郡会津美里町,2024-12-18 04:42:21.000000
e9fb8d61-da1b-43f0-8068-7f9fd6ba7939,加藤翼,False,57,滋賀県東近江市,2024-10-19 22:32:31.000000
61c4d4b8-809d-45d3-89cc-8737531a68e3,中村颯太,True,76,福井県坂井市,2024-12-08 03:15:56.000000
45949c98-12ee-4ef0-aa8d-7cd754e23217,大森愛,True,60,岐阜県多治見市,2024-11-17 19:57:21.000000
b43f124d-0aa9-47f0-b1c8-89f9be88b063,藤田千尋,True,16,山口県岩国市,2025-01-05 11:53:32.000000
88f9780e-8cde-4e40-882e-8c030dac64cf,今井陽翔,True,74,北海道札幌市手稲区,2024-11-18 02:11:29.000000
cccc90f8-92dd-48d0-bdfe-88e8ce799f09,藤田晴斗,False,56,東京都武蔵村山市,2024-11-12 04:49:45.000000
68d9de06-1cf0-4f12-be30-495c0e1cf741,西村美香,False,21,京都府京田辺市,2025-01-07 11:07:35.000000
e30bfa5f-a3b8-4891-8a53-87691de9a4b7,浜田佳奈,False,19,宮城県名取市,2024-12-21 22:48:29.000000
bc0712e2-a546-4f0a-b10e-9d3764312958,小川真理,True,63,兵庫県たつの市,2024-11-26 06:29:45.000000
863572c7-55f3-4eea-ad9d-cc77cc4f169d,後藤亮,True,33,兵庫県神戸市垂水区,2024-10-29 22:12:55.000000
ec71ef8e-20dc-4120-a038-60b1180ea96f,伊藤悠,False,22,北海道砂川市,2024-11-09 17:29:40.000000
b761e6ed-c339-4b8f-a547-34ae22187a75,西田麻衣,True,52,広島県庄原市,2024-10-21 23:40:26.000000
ecf1f508-32a9-477c-a5fb-fc35e8dca995,石田美緒,False,40,大阪府八尾市,2024-12-06 11:31:15.000000
009f0eeb-86cc-43cb-a1b3-56e85f339f12,永井颯,True,47,愛知県碧南市,2024-10-18 12:23:20.000000
4975442d-8234-428d-a2f7-79a5f5abf1fd,福田心,True,49,愛知県名古屋市守山区,2024-12-13 10:13:22.000000
0442a92d-f82d-40fc-be24-1cdeeff376e0,杉山真央,True,49,埼玉県坂戸市,2024-11-25 02:26:48.000000
90213545-9c25-4eeb-b2a7-02954bebbb7f,西田海斗,True,18,愛知県一宮市,2024-12-18 18:21:32.000000
096026d8-0358-4c42-83f1-6c8cc2b70925,岡崎美咲,True,42,福岡県福岡市南区,2024-12-21 08:03:08.000000
3e25e103-ed89-441d-8d67-b20da460d322,岡本佳奈子,True,81,北海道阿寒郡鶴居村,2024-11-02 01:47:36.000000
a1703fd8-d72d-4c24-9019-5cd240673dce,小林結菜,False,88,沖縄県中頭郡読谷村,2025-01-01 17:49:56.000000
7143bce8-cff8-4edb-b3ed-42851db4c774,藤田真央,True,56,宮城県加美郡加美町,2024-12-25 21:10:39.000000
5270ed61-ab77-4a6e-b380-9a0baeea9c69,松井海里,False,36,青森県上北郡横浜町,2024-11-26 08:06:16.000000
0730e9cd-f0ee-4fb3-996d-e1bf3eda3e13,浜田陽向,False,63,島根県安来市,2024-10-22 14:47:16.000000
7154e971-1e36-45c8-af48-fe96e1c5f4a9,竹内大和,True,10,滋賀県長浜市,2024-11-18 13:51:05.000000
8444b162-7618-4c87-a739-0b5cfcc2926c,小田美桜,True,82,徳島県徳島市,2025-01-13 18:17:36.000000
9fd59ad2-78c2-4c76-b8bf-3980fbb198f8,山口悠莉,False,32,愛知県小牧市,2024-10-27 12:08:04.000000
334d11f4-3e21-45b5-904d-870cfcb358b1,本田愛美,False,99,静岡県沼津市,2024-12-07 12:56:46.000000
d035016a-c0f1-41d2-89dd-649e1bbf94ad,橋本颯太,False,83,北海道名寄市,2024-11-17 05:49:02.000000
f3dfcabb-1920-4ed7-8016-461187a3a6db,西田愛菜,True,69,東京都板橋区,2024-11-20 08:13:29.000000
5d860b27-139d-4233-b021-40cebb7171d7,山口さくら,False,58,福井県大飯郡高浜町,2024-10-30 05:09:17.000000
986d51ab-a37e-45f0-ba08-7dca849e2c6f,石井翔平,True,95,滋賀県大津市,2024-12-07 12:52:24.000000
ca60990a-c461-4442-b426-908e88841dbc,川口海斗,True,51,高知県高岡郡四万十町,2024-12-21 06:04:55.000000
e6121c22-e928-4aba-9729-c65a92dae2d6,岸本祐樹,True,95,秋田県由利本荘市,2024-10-30 17:53:30.000000
f1e91b11-4adc-4785-91d9-98d160f1ed9b,田口健人,False,84,静岡県浜松市中央区,2024-11-11 04:04:00.000000
62a3785b-c34a-4c90-a5ae-5eb3085c46e9,荒木和也,False,85,高知県南国市,2024-10-18 19:03:58.000000
199548e3-2a8d-47ad-9108-d5e48e95efd1,橘美晴,False,63,群馬県前橋市,2024-11-15 14:20:02.000000
c9a8d71e-7166-4a6f-94db-a40d070396d9,藤田心愛,False,87,愛知県瀬戸市,2024-11-05 20:46:12.000000
e3a1b020-ca22-473b-bf45-a6d004da1edb,清水翔馬,False,38,栃木県宇都宮市,2024-12-10 08:40:46.000000
1841e96e-c5c9-43b8-8440-f9cce7a610cc,大橋美玖,False,85,東京都練馬区,2025-01-03 14:16:15.000000
62596eeb-56b1-4d18-a9a9-95eab00bd859,今村瑛太,False,88,宮城県刈田郡七ヶ宿町,2024-10-25 13:06:05.000000
6b5d5f53-2b95-41aa-a820-75ee09871ae9,坂本翔,False,87,大阪府大阪市都島区,2024-12-03 10:45:34.000000
c6c6a7a4-039b-48d9-be4a-dabc10298819,岡田美咲,False,15,北海道標津郡中標津町,2024-12-27 15:39:33.000000
8969ca63-f247-44d2-9ca5-f4dee5dc1594,中島大雅,False,66,富山県中新川郡立山町,2025-01-04 04:08:06.000000
e16914dd-5b64-48f2-8bf4-c6ca33c3af99,河野花子,False,42,神奈川県小田原市,2025-01-02 15:17:13.000000
5248decb-9bfb-4af3-81e6-74767ef9316d,高木健人,False,57,長崎県壱岐市,2024-11-15 02:52:09.000000
cddae2f8-7213-4210-b242-8f0dc781762f,大橋瑛太,True,17,愛媛県松山市,2024-11-22 15:42:22.000000
2e267cd3-9b6b-4f3c-8d84-8ce62cd86310,伊藤美智,True,48,鳥取県西伯郡大山町,2024-11-23 09:15:23.000000
66deef53-caf0-46ec-845d-6f14e770a27f,木田悠,False,41,北海道旭川市,2024-12-02 10:05:55.000000
fb1e22a2-ff65-4572-bfa5-b2a6fd79472d,大塚直人,True,48,福井県大野市,2024-11-01 00:49:25.000000
56bc0104-ae1e-41e5-a0b9-518e9393265b,岸本莉子,False,97,北海道空知郡上富良野町,2024-12-09 23:51:19.000000
7fced34f-1e39-4929-bead-bf0df3c6db8e,矢野翔,True,39,北海道網走郡美幌町,2024-12-27 11:55:31.000000
b7456894-888d-4847-900b-070d0c3ff941,宮崎悠翔,True,92,京都府亀岡市,2024-10-17 20:17:08.000000
0897cae9-a1ef-46e9-ac05-7a1daab0b1ee,森翔太郎,True,82,東京都墨田区,2024-12-22 08:07:54.000000
8ceb5e13-6339-469c-bfab-d8915e9aeff3,今井美玲,True,42,福岡県北九州市戸畑区,2025-01-02 21:33:35.000000
1a9c5fdc-357d-4812-9502-82d641e424c0,坂本美桜,True,76,三重県鈴鹿市,2024-12-15 02:33:01.000000
54d60440-583e-4bdf-af9e-d30404ceb914,松井悠希,False,58,千葉県大網白里市,2024-12-30 13:04:57.000000
6891f272-f62d-4923-a758-a99a881a71ff,岡本和也,False,79,宮城県柴田郡柴田町,2024-12-15 05:59:04.000000
36aabad8-2134-4b30-9d5f-7cbadf6f0034,石橋美玖,False,36,香川県丸亀市,2024-11-25 09:12:24.000000
2445cfe9-a803-40f9-9df3-8fab4d4034f0,西村里奈,False,57,京都府京都市中京区,2024-12-11 11:32:30.000000
fba35464-f696-42bc-99a3-3d006975dc3f,河野美晴,True,64,大阪府泉大津市,2025-01-03 07:20:48.000000
4195c4de-3faf-4293-9534-ea8ef5e47768,田村龍之介,False,45,愛知県小牧市,2024-11-12 16:49:27.000000
5698b311-e4e6-4954-8142-428303c33049,矢野琴音,True,79,山形県上山市,2024-11-24 16:46:22.000000
66ac3ead-23ce-42be-a450-eaf9837977f0,石田悠,True,74,愛知県小牧市,2024-10-31 03:20:56.000000
36fa042b-cdd5-4acb-bd11-e96294ab2d6e,菊地涼,True,28,京都府船井郡京丹波町,2025-01-13 18:55:35.000000
888234eb-0a8a-4019-8288-59bc59eb0317,後藤陽菜,True,33,京都府京都市右京区,2025-01-11 18:04:08.000000
cc951075-9958-42ad-9f53-2aacacbdd49a,清水陽斗,False,91,大分県中津市,2024-12-15 00:42:26.000000
1e6b0c2f-74e3-4614-a1d6-37d307fc16a6,横山悠貴,False,89,大阪府高槻市,2024-12-24 03:41:32.000000
b44ba06a-87b9-4f5b-8978-f16b7a6b349a,小林海斗,False,66,愛知県碧南市,2024-12-23 12:19:13.000000
5e354171-1db2-4a8c-8dc5-fad9cbfe7699,岸本悠,True,74,北海道札幌市東区,2024-11-20 14:06:24.000000
cfa76d57-0b76-42ba-843a-c691a434ec5b,鈴木美菜,False,93,福島県相馬市,2024-11-25 22:30:39.000000
1ca00f20-1447-4c45-8384-500ea3c763ad,井上拓真,False,68,北海道野付郡別海町,2024-12-12 13:14:24.000000
9b5b7439-a89c-44a4-8960-dd5fc2c93e45,井上大雅,False,83,愛媛県伊予郡砥部町,2024-10-22 12:56:49.000000
e262d3eb-8133-4999-b420-4a01e42ee13d,佐藤悠莉,True,29,岡山県新見市,2025-01-09 11:45:49.000000
48b59559-368a-46f4-86a0-a9137e260dc6,橘陽翔,False,82,北海道帯広市,2024-11-16 12:45:23.000000
480f33fe-ad54-4aa6-917e-7f623d045041,松山美玖,False,72,静岡県熱海市,2024-12-31 06:48:54.000000
98d9aed1-72dc-434b-8ebe-1300e5414fb5,前田翔太郎,False,90,青森県上北郡七戸町,2024-11-01 11:34:28.000000
ef64ddd9-41fb-4c4b-8b4b-4d822132942a,藤井海斗,True,96,神奈川県川崎市宮前区,2024-11-11 10:04:10.000000
8df2724a-0fed-4f3b-a428-10513d70dde8,大塚健太,True,28,東京都東大和市,2024-10-30 10:17:19.000000
b2bd5879-a4f1-43bd-8b87-ea4ca25ba8ca,小川真琴,True,23,熊本県熊本市中央区,2024-11-30 10:29:21.000000
38568ee2-e423-48a0-a882-8ad2843a5a67,大森葵,False,91,山口県下関市,2024-12-29 18:40:42.000000
55da120d-e34e-45bd-bb2a-2fe466ace693,黒川美咲,False,94,北海道河東郡音更町,2024-12-08 19:21:10.000000
5e77f1c6-a7bc-4f87-85dc-c83c36abbf3f,藤原海斗,False,81,静岡県静岡市葵区,2024-11-20 18:01:05.000000
0120d33e-6e5e-45b6-a6ff-41195ac3e565,松井美佳,True,47,埼玉県さいたま市中央区,2024-12-05 14:07:32.000000
b7445877-0340-4875-a1b5-e9c2fb730c69,松本美晴,False,90,神奈川県横浜市中区,2024-12-16 16:04:31.000000
d3928592-6b57-4248-89dc-b5064460b0ef,松井結衣,True,12,奈良県大和高田市,2024-11-26 20:44:33.000000
2dfd0cde-dc7c-4c9c-9953-19e0a082eb69,大西大輝,True,55,福岡県福岡市南区,2024-12-24 00:36:40.000000
f929a469-1fe8-42b8-a832-4c413bd68c5e,森田心,True,70,高知県高知市,2024-12-05 00:37:55.000000
4394b95b-030f-484c-a371-af1c945232bc,森田龍之介,True,66,千葉県銚子市,2024-12-19 01:33:43.000000
4d971a16-54f4-4116-a1e8-089d26320c89,前田美智,True,99,北海道標津郡中標津町,2024-12-04 10:28:28.000000
73c01457-d7ca-4c12-b63c-32ae5f0c2e8e,森田美月,True,85,山梨県甲府市,2024-11-18 20:04:48.000000
cdb8307b-356b-475d-a08d-825802a41fbb,石川華,True,57,京都府京都市南区,2025-01-12 02:45:58.000000
3dbc67d8-3e43-4ebc-9316-ab936d11e5e9,平野由香,False,96,宮城県加美郡加美町,2025-01-12 08:21:05.000000
47b88399-5fff-48bf-8338-0de742fca81a,大塚和也,True,48,北海道札幌市中央区,2024-10-21 08:50:55.000000
e4564cbb-b80b-4772-ab6f-95a97d1d2e13,石橋海斗,False,92,千葉県市原市,2024-12-22 17:54:32.000000
31493bd5-e002-4155-bead-f011948847ab,青木美幸,False,59,福島県いわき市,2024-11-16 17:08:33.000000
0beba6d7-0e0e-41b3-a5d3-85d36e67726b,松井心愛,False,72,宮城県亘理郡亘理町,2024-11-12 00:20:10.000000
24c6fa43-6fff-4d38-8d05-6c79ae4f8d66,市川柚希,False,31,新潟県上越市,2024-12-21 19:27:37.000000
b485d1bb-d6bb-4ce6-8ecd-ffa7f2190d1e,大塚龍之介,True,65,兵庫県姫路市,2024-11-18 05:22:11.000000
0ecea0b3-e249-4c94-97db-a9abca152227,伊藤美咲,False,16,福岡県北九州市戸畑区,2024-11-03 12:42:33.000000
d280cfe3-2804-4008-8b1d-42fb53c196fa,山口翔馬,False,72,山形県新庄市,2024-11-07 14:56:24.000000
e2f844f6-387b-407a-bd19-51ad012383a1,藤田真琴,False,45,愛知県小牧市,2024-11-14 22:15:34.000000
e5d27c49-d840-45c2-a2be-c9ddf392a6b0,野口拓海,True,87,東京都小金井市,2024-12-08 15:36:21.000000
fa7834b9-6add-4a4f-a9a6-f2b49b6239e6,橘美優,True,93,奈良県奈良市,2024-10-22 02:13:33.000000
b42cfcc0-3a18-439e-bd98-1eea5fdf7d04,長谷川心,True,83,香川県善通寺市,2024-12-19 11:12:03.000000
607656c2-b85a-4ce2-93f1-cbd81c5583e8,加藤紗季,False,14,北海道札幌市南区,2025-01-12 16:49:53.000000
1bed5f6d-6367-4694-9752-93f740c3f723,中村美結,False,49,新潟県上越市,2024-12-16 10:30:57.000000
45beb827-5c49-444a-96a9-53a273116702,青木悠希,False,42,京都府宮津市,2024-12-01 18:55:45.000000
2480c850-e0a8-4a26-bb95-c8ab7a629c9b,松田直樹,True,69,新潟県上越市,2024-12-20 11:46:24.000000
645d2593-49a9-4b6e-bb42-f34cb00b5905,土屋陽太,True,67,東京都台東区,2024-11-10 01:29:17.000000
66d010dd-e02f-4e67-a434-760f424bdae4,坂本美桜,True,80,広島県呉市,2024-10-31 00:17:48.000000
13485bf5-8521-4546-ae5d-e6542acb2ef6,高橋美桜,True,70,新潟県三条市,2024-12-22 06:34:11.000000
219b2962-8671-42da-9abc-461e4e55a548,山田真奈,False,61,福井県福井市,2024-12-21 20:52:20.000000
ad983b7a-c11e-476c-8d10-efdb5bcf16c1,山本優花,False,79,岐阜県本巣市,2025-01-05 05:04:01.000000
fca17d8e-4880-497d-b19e-17e72e839a03,伊藤健人,False,37,兵庫県丹波篠山市,2024-11-08 00:24:59.000000
d1a180ac-5feb-43ea-9d95-4f7ea627eddb,大橋悠莉,True,77,北海道岩見沢市,2024-12-19 12:26:50.000000
318ddf24-339d-4348-be33-74929a04e62e,坂本心愛,True,94,愛知県名古屋市千種区,2024-11-26 14:46:52.000000
79604b71-9425-4c9e-948d-f400f486d355,山本美結,False,31,埼玉県さいたま市岩槻区,2024-11-26 13:38:54.000000
f586db7b-7407-4cf6-b039-e5d9492d9e36,中田芽生,False,23,山口県岩国市,2024-11-01 12:08:55.000000
ace46991-02f6-4b9c-8d9f-b4b5c4617927,伊藤美和,True,71,北海道旭川市,2024-12-04 15:19:49.000000
22dd9c13-66ed-4f57-922c-5f3798b7bb15,坂本颯,True,59,愛知県名古屋市南区,2024-12-19 14:02:48.000000
cfbd4e1f-a392-4885-b2ff-64fd0eb79be9,松田海斗,True,41,愛知県名古屋市中村区,2024-11-24 19:21:04.000000
0cc7fa50-46ce-4a0a-8d52-c7153c861330,森海里,False,57,愛知県豊川市,2024-11-23 04:18:55.000000
8b705654-5e93-4979-87ec-3306bccc99c6,小島美玖,True,95,高知県宿毛市,2024-11-11 10:46:47.000000
bdba7498-322e-4332-96d6-892be1c7515a,大西晴斗,False,47,和歌山県和歌山市,2024-11-12 00:36:46.000000
1093d915-2c95-418a-8a1c-c63e053ef98b,岡崎大翔,False,64,新潟県新潟市東区,2024-10-26 05:54:59.000000
7a6497b3-1755-4eb9-b3b8-0341ca7f8d57,井上心,False,66,神奈川県藤沢市,2024-11-09 11:39:39.000000
e4a31c22-4f5b-4510-8e4d-d1275393f949,鈴木悠翔,True,38,愛知県稲沢市,2024-12-13 13:50:29.000000
482e0acb-ba6c-48a8-902f-39ab312beedd,黒川美玲,False,45,千葉県富津市,2024-11-11 13:38:20.000000
a90b4108-4c3a-47e3-b617-4f5522eef045,河合大樹,False,38,大阪府池田市,2024-10-28 16:24:28.000000
b80a299e-691a-4184-8ac5-f725be8aa091,桜井美和,False,56,兵庫県明石市,2025-01-05 22:48:56.000000
ef1694a2-f9b4-482f-9f74-c671fd597e99,松岡健一,False,51,愛知県碧南市,2025-01-02 05:12:31.000000
927f995e-eed2-4055-955b-ec633e9b5c66,黒田花子,True,17,東京都清瀬市,2024-11-08 21:40:07.000000
01afbb07-bae4-4421-84fc-dc585714905e,森田和樹,False,77,神奈川県川崎市宮前区,2024-11-28 02:33:23.000000
67eea3e1-c80a-4b26-9dad-7a4d8a6a43cd,野口健一,True,35,北海道帯広市,2024-11-05 19:10:00.000000
b8e474b1-2b11-421e-89cd-100b9b28255b,石橋陽翔,False,14,北海道苫小牧市,2025-01-09 14:43:00.000000
a8072334-5231-41e6-8290-52b48529dd99,三浦陽向,True,93,三重県名張市,2024-10-22 11:34:50.000000
50a0262d-8e42-4d0b-9808-e36a62d2302d,小林美菜,True,79,愛知県高浜市,2024-12-07 14:34:12.000000
d3d70c08-bb1b-4d73-8fdd-7fed7a24c1ae,岩田大輝,False,94,愛知県清須市,2024-10-22 12:18:35.000000
6e67e0c2-6f5b-4c1e-8407-c0f42e2015cc,佐藤陽介,False,42,新潟県燕市,2025-01-04 03:29:00.000000
5f95f28a-2fa9-44a6-af5a-6674169785bb,福田翔馬,True,32,京都府相楽郡精華町,2024-12-17 19:41:07.000000
8b170ed6-c454-498f-9da7-824bb9c4159c,大橋さくら,True,26,群馬県前橋市,2024-11-19 00:39:18.000000
bd0f62df-a4c5-4a47-9bf8-c9dfdcaa20eb,清水美波,True,12,鳥取県倉吉市,2024-12-22 21:08:27.000000
dd678f46-4dfb-4205-8efb-1e5ae4ccb357,中田大智,False,24,茨城県ひたちなか市,2024-10-29 09:11:08.000000
448bbd23-088b-413d-92e9-86283f78d9f4,石橋光,True,61,北海道札幌市中央区,2024-12-10 08:34:17.000000
95b1d136-54ca-45e9-832f-92076e7ca9a3,三浦大翔,True,35,静岡県富士市,2024-11-22 22:39:27.000000
39c86079-531c-4771-9d68-36b16446ae9e,伊藤美羽,False,83,鹿児島県鹿児島市,2024-12-14 06:29:59.000000
9935f2df-f277-4125-b94e-b0adc6697c68,大森龍之介,True,24,宮城県加美郡加美町,2025-01-12 11:44:09.000000
aaff58df-b5b3-4598-a168-d2e76b824a39,江藤海斗,False,89,京都府京田辺市,2024-12-25 09:48:35.000000
8113b074-fff1-4469-9bbf-33abbe4954f0,石井陸,True,76,神奈川県横浜市港南区,2024-10-19 07:25:37.000000
7180c187-1108-4aa3-ac58-1fcd6815b039,土屋大和,True,68,岩手県奥州市,2024-10-21 11:23:23.000000
aad37d35-441c-49c2-ac5c-0f1a673b65eb,松田真央,False,53,東京都荒川区,2024-11-29 00:52:22.000000
dd896485-96ff-4420-bff1-682e5a8f61c0,市川玲央,True,36,広島県福山市,2024-11-15 13:41:07.000000
d6f6a9b2-fffe-48bb-b48b-e05fc2ced385,山本結菜,False,89,福島県白河市,2024-12-13 12:21:41.000000
4ffb70eb-d041-464f-83b9-e2f2ebf6b703,石川悠介,False,27,青森県八戸市,2024-11-05 05:54:12.000000
b1e451fa-3786-4ad3-ba8b-9e6f10d46fd2,渡辺海里,False,10,京都府京都市下京区,2024-12-09 07:20:47.000000
c5a4ef69-61d8-4790-ab8a-2b0bdc6bf6ee,石田真琴,False,86,京都府京都市伏見区,2025-01-15 10:39:10.000000
fa577202-3269-4891-b6aa-a64f4c1346d4,小川心,True,28,新潟県長岡市,2024-11-26 19:00:14.000000
e225538d-90e0-47c7-85aa-cd5efa587244,木田大地,False,61,愛媛県松山市,2024-11-28 11:14:03.000000
6d46241b-8002-44f6-82eb-02b0c8cfdd8e,岡本梨奈,False,35,岐阜県大垣市,2024-12-20 17:35:49.000000
75804c3f-9d20-4a90-8090-fd2344d37e00,山本翔太郎,True,46,北海道札幌市北区,2024-12-10 02:44:07.000000
d0c0418e-6f08-4763-becd-6d38c9aaf2ae,石田美玲,True,21,東京都小平市,2024-10-19 13:05:32.000000
4b56432e-342c-4f71-be92-4234ad7f25e1,安藤太一,False,39,兵庫県神戸市西区,2025-01-04 05:13:58.000000
038d9926-441d-4187-b411-360e2ca4d440,平野美咲,True,91,三重県伊賀市,2024-12-12 04:25:40.000000
8c4af022-1b15-4cab-b1b7-366dffc3afcd,佐藤陽介,False,68,愛知県豊田市,2024-11-29 11:55:08.000000
9edaf742-8466-4108-aa98-f0704464d8cc,河野美咲,True,87,山形県鶴岡市,2024-10-22 13:54:43.000000
8dd570c4-24be-45f6-a8d2-428844b3c5ff,近藤美和,True,67,神奈川県横須賀市,2024-10-20 07:27:58.000000
f0985f05-fd25-424f-9e88-a70e84e49d8a,川口美結,True,10,島根県雲南市,2024-10-28 16:05:53.000000
d1a6d3e7-ad2a-44a4-a075-56ada8a3e438,田中海斗,False,31,滋賀県長浜市,2024-11-22 11:34:02.000000
f2cd24d2-b1d8-4689-8705-f44e7eec1ddc,宮崎颯太,False,53,山口県岩国市,2025-01-03 18:52:00.000000
8f23b948-d30e-4a76-bf4c-a11f76e8aee0,小島結斗,True,69,東京都八王子市,2024-11-11 22:59:44.000000
f7595606-e832-475d-b6d6-70c6bdf13073,池田美沙希,False,78,北海道上川郡和寒町,2024-10-23 05:59:04.000000
68766955-cb76-4443-8b1c-a961a04caf36,菊地颯太,False,71,神奈川県秦野市,2024-12-02 15:00:01.000000
9e160638-4914-4519-a2ca-ee06d23e82b6,林陽斗,False,73,岐阜県羽島市,2024-11-25 16:24:56.000000
af252ccb-e404-4228-b8c4-766217b66188,林大地,False,25,愛知県小牧市,2024-12-13 13:15:37.000000
7265644f-9b1b-4bc3-8cd8-6f99b3ef2f50,岡崎美咲,True,93,石川県金沢市,2024-12-07 12:59:16.000000
33555f34-c315-491e-b516-df0084aa5d12,菊地海斗,False,89,兵庫県加古川市,2024-12-11 22:59:02.000000
e1dd6ec8-0bf1-49ec-8eaa-cea0fe2dfe86,中島大輝,True,10,北海道岩見沢市,2024-12-20 17:15:55.000000
1699245f-6008-4d83-b513-4e9a65c22f26,大森大和,True,91,山口県岩国市,2024-11-08 20:04:59.000000
217f4c54-484b-4986-aab8-33cbaf2cdbba,岩田翔太郎,False,25,徳島県阿波市,2024-11-23 05:31:31.000000
b98aee96-7d6f-4aeb-b2c8-4ff4fb64b05b,木村海翔,True,79,福岡県大川市,2024-11-30 19:50:40.000000
a540ea36-8d1e-428b-ac8b-cf632abb9e56,橘美佐子,False,74,埼玉県さいたま市岩槻区,2024-11-09 07:02:57.000000
c6b88540-cdd2-4db4-8fc9-450070d2d0ce,今井心,False,87,北海道二海郡八雲町,2024-12-21 18:16:32.000000
ac58dedb-4417-4f38-9e59-f83168e585ee,橋本碧,False,35,奈良県磯城郡田原本町,2024-11-09 04:29:41.000000
7263dc11-6cbf-4ea4-9e16-20b68fe8e521,岡本陽向,True,99,兵庫県丹波篠山市,2025-01-07 11:35:44.000000
b07c881f-8b66-49e4-893e-07cfe47223fe,今井悠翔,True,26,長野県長野市,2025-01-11 13:15:22.000000
ba492500-a74e-492a-89bc-7f9594fc3241,藤井海翔,False,84,茨城県鉾田市,2024-12-07 05:13:08.000000
5f527c24-6ec8-49a9-adf6-a08fa5ecb92a,今井陽菜,True,36,岩手県奥州市,2025-01-07 04:30:56.000000
41a24e11-78f4-4a42-b799-f4a8b5233950,小田直人,False,49,高知県四万十市,2024-11-18 22:41:31.000000
47d078d1-3b62-454b-8a85-5aaee4afb5de,山口美結,True,73,青森県北津軽郡板柳町,2025-01-01 08:11:36.000000
414a9554-1845-4530-86cb-2c2d10ab2ae5,中川悠真,True,30,高知県高岡郡檮原町,2024-10-26 16:13:46.000000
669d117c-44ac-4062-9032-aa63d1c0040a,大塚芽依,False,89,佐賀県神埼市,2024-12-17 02:36:43.000000
feff4083-ced3-4f7e-a9e9-96333ec0e470,江藤悠人,True,80,静岡県藤枝市,2024-12-29 03:42:26.000000
63219e0d-a292-4dff-a69b-87051cce2f8a,浜田美羽,False,89,福岡県大野城市,2024-12-22 07:33:04.000000
8a7b3a52-06d7-47d3-9373-f5b370a8c36a,松岡健人,False,66,群馬県太田市,2025-01-01 17:13:26.000000
3ae4ead7-b13c-4560-a199-ad3da68f47d3,川崎大智,True,66,佐賀県小城市,2025-01-03 19:39:33.000000
c21a5e69-30d4-4f8a-bad3-f2d10b290043,小島葵,False,94,兵庫県西宮市,2024-10-30 22:29:06.000000
95078aa6-2efd-42b0-97a2-1c5c5780f9dc,松田陽斗,False,86,静岡県富士市,2024-12-04 09:18:40.000000
df539398-3b3d-4dc7-8465-8d1ad4c38478,福田陽翔,True,27,秋田県能代市,2024-10-27 23:47:17.000000
bb8ce979-03bb-497f-84c0-0e54e3b649da,藤井真央,False,34,千葉県佐倉市,2024-11-05 14:18:24.000000
aea1a864-0b4f-4659-b802-90b7d3453125,近藤美樹,False,33,長崎県長崎市,2024-11-29 05:30:09.000000
e3776cd9-feb2-4660-b126-daafed5f444f,宮崎智樹,False,82,大阪府八尾市,2024-12-20 06:54:42.000000
b61c5688-7d58-479d-86d7-0d568640171b,荒木悠,False,17,北海道士別市,2024-11-20 04:56:15.000000
21e4b289-f86e-42c3-b99c-b227c0c36e91,林美玖,False,26,新潟県新潟市江南区,2024-12-16 15:22:18.000000
fcb11d36-d094-42e9-b5a5-6e278413d04a,木下真央,True,67,京都府京都市中京区,2024-10-20 20:37:41.000000
66ec4e33-cae9-4f73-8ec2-0fe0037cdd40,石川陽向,True,88,滋賀県東近江市,2024-11-11 15:20:26.000000
71b99c05-4bc6-412b-8cce-8673dbafb127,中村美佳,False,66,埼玉県大里郡寄居町,2024-11-13 02:27:49.000000
e297bc69-d692-4bd8-a689-7a5a5cbf0236,森拓海,False,65,北海道雨竜郡妹背牛町,2024-12-03 09:19:23.000000
4bcf0b8f-3d6f-47d5-bb65-7d4f95076ab2,梅田美香,False,34,石川県金沢市,2024-12-03 01:05:25.000000
b76da208-b7ac-4583-af11-41870a679695,石川美玖,True,23,北海道北見市,2024-10-30 23:26:12.000000
9fa691a6-07ca-455f-bdf6-915f6a49dc86,小林心,True,30,三重県四日市市,2024-10-31 15:03:30.000000
1d3aed52-1fac-46c6-8f30-7888a8c0d604,河野芽生,False,93,和歌山県田辺市,2024-12-01 12:28:45.000000
217eacac-fbb9-4343-8dc9-c7ad9a87629c,矢野佳奈子,False,53,新潟県村上市,2025-01-01 19:17:08.000000
be0eb4e1-6aa3-4912-b09b-7a3730682bf5,木村真理,False,67,兵庫県宝塚市,2024-10-19 02:14:48.000000
b49400b5-88cd-44e5-b155-f4d0a9fdbc19,安藤美智,False,85,北海道網走郡大空町,2024-11-01 00:05:52.000000
eaa4beba-53c5-40a4-bcf8-930e5466c984,松井美悠,True,55,愛知県清須市,2024-11-27 15:57:21.000000
07a9735f-e179-47f4-834a-669f7ed7cc33,大塚一郎,False,79,愛知県豊川市,2024-10-17 22:44:51.000000
af18023c-0f54-4dc5-854c-f2fc1b159fca,鈴木美菜,False,76,埼玉県川口市,2024-11-24 22:32:38.000000
a87a2e1c-5b9c-4afb-9ed8-accd0054039e,藤原和樹,True,83,新潟県十日町市,2025-01-05 22:03:59.000000
9c026dee-49db-4d31-804b-ea5c1af27de7,大野翔馬,False,13,石川県羽咋郡志賀町,2024-12-22 19:41:05.000000
7731ece6-49db-47b0-866e-5fb11874f659,田村明菜,False,86,大阪府羽曳野市,2024-12-11 06:58:23.000000
794ee58c-4969-41b2-8b88-d484ab20036e,大西柚希,False,37,岐阜県郡上市,2024-11-09 13:34:20.000000
7bc157be-d4b2-4bb4-98ce-a47029eb2bba,岡本美樹,True,54,北海道士別市,2025-01-13 16:57:22.000000
36b03a17-6e15-4a74-a583-e456decff81d,清水陽向,True,87,新潟県佐渡市,2024-12-17 09:56:39.000000
ec0e6bb5-10f9-4a55-9609-315813939d94,石田美穂,True,62,北海道札幌市白石区,2024-10-31 13:23:09.000000
0ce3f930-ef57-4ae9-83df-c7b9c384c00d,中山大地,True,26,新潟県上越市,2024-12-05 04:00:48.000000
18d4b345-3a34-4062-aec4-38779586c514,松山玲央,False,24,兵庫県神戸市須磨区,2024-11-22 04:35:35.000000
fd862445-7fd5-4139-9578-57bbecf61ead,高木陽太,False,19,北海道札幌市中央区,2024-10-22 14:46:40.000000
06124f61-be5a-448a-8822-bc3a5d7349e3,藤田祐樹,False,99,北海道空知郡上富良野町,2024-12-31 20:26:14.000000
e2fc024b-33b3-4521-9b65-9ba3d3dde09c,江藤里奈,False,74,新潟県佐渡市,2024-11-11 03:23:56.000000
0e7d1f1e-f47d-43c3-8ef5-d2e3e8bdfebd,鈴木由香,False,68,京都府京都市伏見区,2024-11-16 18:47:13.000000
53aeb87c-91e4-4703-8fe5-6c87ffa865a8,永井彩花,False,42,兵庫県神戸市中央区,2024-11-12 13:31:49.000000
7c714600-6323-43d4-95d1-6757bccd2791,石井大智,True,64,和歌山県有田市,2025-01-01 03:18:56.000000
68e8567c-6c28-4d3b-be28-c0a2edb38048,浜田次郎,False,21,岡山県倉敷市,2024-11-08 03:04:52.000000
8b8e6404-e1ba-4b3f-8982-668a7b258399,井上太郎,True,75,青森県東津軽郡外ケ浜町,2024-12-22 12:59:40.000000
64ffeb32-0f45-4a75-9cbd-a8104a90d0ff,石田大雅,True,63,福島県河沼郡会津坂下町,2024-12-10 20:36:28.000000
5bec38f2-215b-4bce-84a2-06f1d7a61814,木田一真,False,23,愛媛県西条市,2024-12-20 08:46:09.000000
e06331c2-5164-4106-8561-39653544d777,山田颯太,True,60,北海道砂川市,2024-11-27 17:28:21.000000
69e14cc6-d711-4b96-a615-4f31c8987bfb,中山美晴,False,30,岡山県津山市,2024-11-11 21:05:42.000000
249f3f00-5d42-4c4c-865a-6cf26fd4c3de,佐々木陽葵,False,37,栃木県日光市,2024-11-26 09:24:06.000000
4a05d493-9eaa-4e16-bc66-82c072d936a1,森田陽向,True,95,青森県上北郡東北町,2024-11-03 17:58:41.000000
c448f8a7-7d27-491e-90e8-9412764e93b8,横山彩花,True,51,石川県小松市,2024-10-22 01:05:28.000000
bad13739-5d06-4fc4-b555-6a24c2d11833,田村美沙希,True,51,新潟県三条市,2024-12-05 22:48:08.000000
7b4e801f-1275-4efa-ae52-dac409e66fac,藤田真央,False,59,宮城県仙台市青葉区,2025-01-01 08:36:22.000000
b1080512-bbe4-4ed0-8fc4-21c6d5a04821,高橋佳奈子,True,19,岡山県倉敷市,2024-12-22 06:43:26.000000
6b71eead-83b0-46d7-87ff-7f7fa9b663d9,平野智樹,True,74,長崎県長崎市,2024-12-20 23:57:04.000000
e4c0bd31-ed2a-4470-a197-f1c125e69ca2,黒川結斗,True,71,愛知県北設楽郡東栄町,2025-01-12 22:52:28.000000
72c97aec-4c1a-4715-8b13-0a8fe6080dad,鈴木さくら,True,76,長野県下伊那郡高森町,2024-10-30 00:26:51.000000
c973642a-bc16-4ef1-97a5-4af9b3710b88,渡辺悠樹,True,43,大阪府河内長野市,2025-01-03 08:40:55.000000
259bdd1a-b2dd-4970-b79b-a29ee325eb98,土屋心,True,29,和歌山県和歌山市,2025-01-14 20:40:50.000000
d8fe58b7-654a-4c09-8c46-d989090d0faa,宮崎美沙希,False,27,兵庫県神戸市灘区,2025-01-04 19:34:34.000000
cfe5f090-642f-4cd3-9a29-1cf558b94a8a,川崎佳奈子,True,91,広島県福山市,2025-01-04 07:05:13.000000
e4d5f7e4-58bd-4b7b-8e92-084e61093058,菅原葵,False,99,富山県黒部市,2024-10-19 09:34:52.000000
3a12d7ad-2127-4502-bc98-ce20194f748c,大塚晴香,False,54,大阪府堺市堺区,2025-01-01 09:36:38.000000
fa02e344-db2b-442b-a471-c9bdd63feac2,木下玲,False,29,秋田県北秋田市,2024-11-13 23:05:00.000000
24911b07-57b2-49b3-9023-bdb2d1773e30,松岡玲央,True,71,埼玉県深谷市,2025-01-14 14:29:54.000000
661ff5a0-0a51-4037-a6f2-a3af38bcada1,田村美咲,True,24,千葉県柏市,2024-12-01 01:05:51.000000
ac4941d8-523d-4711-b684-cfca11360b7d,松田悠人,True,57,愛知県名古屋市緑区,2024-11-08 22:08:41.000000
994cec9a-31fb-47d0-b325-7a578e054336,後藤美菜,False,39,栃木県宇都宮市,2024-12-04 11:19:44.000000
fb4432bd-7684-49b9-b1fa-c53b92ac2f30,石橋美緒,False,50,宮崎県延岡市,2024-11-13 13:36:43.000000
5ab7859e-351b-4c05-8a70-9512cf83bcfb,藤原佳穂,True,54,愛知県名古屋市昭和区,2024-10-21 09:33:38.000000
c94feab7-778d-4ce2-9085-22e8374e1ec5,森田陽介,True,56,愛知県瀬戸市,2025-01-09 21:53:32.000000
92d136f4-e621-48b5-8b7f-b3327e2a66db,黒田美結,False,38,福井県福井市,2024-10-26 01:54:14.000000
3f5b9232-8874-44a8-86ed-0044980ccf2e,田村美和,False,91,宮崎県宮崎市,2024-11-12 12:39:30.000000
45824475-9b2b-4b63-806f-0f1aa91f8141,岩田花子,False,43,新潟県十日町市,2025-01-03 23:27:32.000000
91d40079-21fc-4483-b28c-a314e13d2763,杉山真奈,True,45,埼玉県秩父市,2024-12-05 08:24:17.000000
4e6a949d-bb2f-4f2f-a975-aa2f26623297,松岡心愛,False,64,埼玉県加須市,2024-11-18 12:07:50.000000
8d31bbed-de5b-4105-922d-030d41f8eb03,小田晴斗,False,38,富山県小矢部市,2024-12-24 00:05:56.000000
449a083a-14a2-4a8a-aa5b-38e5175335ba,山本晴翔,True,49,愛知県豊橋市,2024-12-01 06:50:15.000000
a0164e00-c422-4691-b50b-aa411a0dceaa,大塚琴音,False,39,京都府京都市下京区,2025-01-04 04:24:47.000000
125f45f9-6f2a-4bae-b23b-56db9e30dd9f,宮崎美緒,False,36,福岡県北九州市門司区,2024-11-21 22:30:43.000000
05534963-2fba-4d03-98f4-160725a10490,加藤千尋,False,22,東京都世田谷区,2024-10-17 17:09:11.000000
6f6ba5b0-3a65-416d-a80a-3b3a56c750e4,松本健太,False,17,愛知県一宮市,2025-01-14 13:18:44.000000
4a2411cd-2dd5-455a-a42e-17227bed04d1,渡辺芽衣,False,68,新潟県燕市,2024-12-04 18:13:16.000000
ac33a5fd-28ef-4389-b029-b09ffd0fab4b,本田太一,False,15,兵庫県西宮市,2024-10-21 12:37:24.000000
5ac464d6-287f-4503-a7fc-d0e0bbc476f3,佐藤翔馬,False,52,高知県四万十市,2024-12-09 19:54:10.000000
d12b1192-d4b7-4e15-a0c0-0ffd5ec681ca,荒木美佳,True,84,愛知県半田市,2024-12-17 14:01:29.000000
467553ee-3579-4c03-97aa-a925cca89cff,渡辺海翔,True,58,佐賀県神埼郡吉野ヶ里町,2024-11-27 16:21:32.000000
c672cdb5-9d13-4fd4-beed-7a9c2353fa16,松田悠真,True,62,岡山県岡山市東区,2025-01-03 11:37:37.000000
6c80dba1-e12f-40f9-80d2-60699807e3ce,村上美緒,False,48,石川県河北郡津幡町,2025-01-02 10:41:21.000000
65c9fec3-844c-4f45-918f-576ee4273f56,松山真央,False,32,岐阜県岐阜市,2025-01-06 18:38:29.000000
5ec7d76d-c853-4a79-853a-33935b044d87,永井明菜,True,50,新潟県南魚沼市,2024-11-26 11:04:19.000000
00f52273-9ceb-4d13-aecd-d126d3b4e02b,松井琴音,False,87,三重県度会郡玉城町,2024-10-30 20:37:19.000000
8c39f9da-62d7-4321-9bfd-97a389f2cd9a,大塚陽斗,True,60,富山県高岡市,2024-11-10 05:35:43.000000
4ea839c0-7880-424d-a7df-5cadce19450a,市川美幸,False,61,和歌山県東牟婁郡串本町,2024-11-16 02:16:22.000000
e1a09318-c4b5-4d46-8d4e-bcc3cfa312e9,石田大樹,True,76,兵庫県三田市,2024-11-17 21:09:32.000000
3e8afa16-179c-4356-a591-8b192f9e544f,田村莉奈,True,97,千葉県館山市,2024-11-04 13:06:49.000000
48edfc35-df60-41e9-84b0-d20383ff7acf,平野拓也,True,83,神奈川県三浦郡葉山町,2024-11-16 02:27:36.000000
4fb3533f-4c2c-4cdb-858c-e70b409c4dc4,長谷川真奈,False,56,愛知県刈谷市,2024-12-19 23:52:46.000000
1d7dd4b8-5dd9-498f-b8fb-b41dba169dd1,高木美沙,True,43,山梨県上野原市,2024-10-22 17:49:55.000000
67475800-d4a2-4525-82e2-c2abca0eed33,河野美佳,True,59,静岡県袋井市,2024-11-10 08:16:34.000000
98b1ac72-30d0-4e45-bb98-570a1476c103,大橋莉奈,False,87,北海道札幌市北区,2024-12-01 07:00:45.000000
83cb3849-1ea5-4b26-b516-0194572c66a8,高橋健太,True,43,奈良県宇陀市,2024-12-24 08:46:24.000000
b1060840-598f-4224-ab3b-bd189e25da9b,大野悠翔,False,33,三重県松阪市,2024-12-27 07:52:27.000000
cfd59cc8-8c81-4210-9b2c-7fed6113bb89,梅田颯太,True,81,福岡県中間市,2025-01-06 09:54:38.000000
0f38ea95-855d-49f6-b735-80385d419845,横山大智,False,88,滋賀県米原市,2024-12-19 05:17:07.000000
191aa67c-880c-4438-8ee0-4130ba4a2d1a,本田翔,True,88,鳥取県鳥取市,2024-11-27 17:23:51.000000
733be355-1355-49d7-9be2-d2f6d5be0ddf,坂本翔平,False,66,和歌山県日高郡日高川町,2024-10-21 02:18:07.000000
11117f68-0166-49c6-8510-6bdeb4ac1851,中川拓真,False,23,大阪府豊能郡豊能町,2024-10-21 16:15:17.000000
858eb082-f004-497e-b8f8-86a1c32e7d82,土屋大翔,False,99,愛知県尾張旭市,2024-11-26 09:02:17.000000
898116c9-e134-4833-870a-d75c7f252b48,石川直樹,False,27,神奈川県横浜市戸塚区,2024-10-31 21:32:30.000000
69dc4eb8-f0d0-4402-9c0d-73ecee129ea1,鈴木彩花,True,10,鹿児島県霧島市,2024-11-16 13:28:09.000000
4df20da4-f450-47da-984e-74adaf1618c9,竹内智也,True,63,福島県いわき市,2025-01-01 19:15:24.000000
5d6badb5-5e1d-4e6b-856a-d1c2da1ce6c1,田中美咲,False,71,高知県幡多郡三原村,2024-12-06 02:15:38.000000
7c1203b4-4761-4c5d-8132-c3639cb6c570,田村紗羅,True,93,岐阜県大垣市,2024-11-15 00:46:55.000000
7f122c42-9cf3-4ce6-a24c-7445fc0c41b2,大橋龍之介,False,79,北海道札幌市白石区,2024-12-05 04:04:25.000000
70b94c83-0ced-4bb1-9cb4-489f8e27f8a3,吉田美緒,True,96,愛知県名古屋市中村区,2024-12-21 01:43:19.000000
2daf29bf-c077-42bf-b0ce-85db8931c5a3,中田美玲,False,62,京都府京都市中京区,2024-12-01 20:34:00.000000
764b6016-c669-4750-bc56-e50b11de9440,山口晴翔,False,64,栃木県那須塩原市,2024-11-03 08:23:59.000000
abec4397-53b8-453a-8323-2eb636828221,石井陽菜,False,39,愛媛県西条市,2024-12-16 07:05:27.000000
60ab2d25-c0ab-41c5-b407-b5a0ef34e8f1,本田陽菜,True,26,佐賀県藤津郡太良町,2025-01-07 17:23:59.000000
3624601c-94e2-4041-a31c-305bfe78a490,池田愛,False,33,大阪府河内長野市,2024-11-20 22:17:35.000000
cc499c64-848b-4a59-b811-9bd49703f8ed,田中隼人,False,87,千葉県市川市,2024-12-14 12:38:33.000000
27263ec6-90e2-4865-87f3-48a594fac2d8,木田美樹,False,94,北海道網走郡美幌町,2024-10-28 03:37:27.000000
d85e2c60-d82d-47b0-b9b0-cae7885b4d66,井上佳穂,False,98,鳥取県岩美郡岩美町,2024-11-20 10:43:53.000000
76a1cf7b-e494-4e63-a17c-0bb256757125,木村晴斗,False,18,北海道茅部郡森町,2024-11-02 03:34:09.000000
99efa0b9-8d59-4e8b-b4ae-01ea98aa6a14,中田葵,True,35,宮城県加美郡加美町,2024-10-17 18:15:01.000000
dab72ba3-8580-4f02-95a3-93de6c68efa0,木田悠斗,False,53,北海道釧路郡釧路町,2024-11-22 01:56:14.000000
293d8c19-8b32-4e34-beef-460b99b24473,小林拓海,False,56,香川県綾歌郡宇多津町,2024-12-18 08:55:28.000000
f6dec572-dd83-4bf8-9762-67efe2cf56a7,中山陽菜,False,75,広島県広島市西区,2024-10-19 18:06:41.000000
9c2c1f51-e275-4ab0-9cab-cacaec5be329,木村佳奈,True,80,大分県大分市,2024-12-27 13:49:50.000000
6f27ccd2-8446-4a56-8922-ab81630f121c,酒井玲央,False,13,大阪府東大阪市,2025-01-07 14:53:19.000000
247a5b7f-ba28-4c31-be98-9104d58772d0,大橋明菜,True,90,滋賀県大津市,2024-12-15 20:58:48.000000
be335737-b115-4476-92d4-88f79c7e6061,山本柚希,True,48,岐阜県各務原市,2024-12-11 04:11:14.000000
5bbbfe33-7409-4b49-97a8-545bc47af51e,大塚由美,False,94,埼玉県坂戸市,2024-11-15 17:27:28.000000
8749200d-01a3-4d5d-9e31-1e044a3533d1,江藤大樹,True,21,北海道川上郡弟子屈町,2024-10-29 07:16:21.000000
797ad18b-50c3-4b5f-870a-178a8d1d8167,山口颯太,False,82,神奈川県川崎市宮前区,2024-12-24 05:40:39.000000
da822462-b889-4189-b3d1-8be73a562db5,永井玲奈,False,44,長野県下伊那郡高森町,2024-11-06 10:13:49.000000
5372fef8-fa62-43ab-843e-f04916a63abb,木田明日香,False,66,神奈川県川崎市川崎区,2024-11-10 01:39:31.000000
490963f7-7f61-4529-a068-181f99a29269,市川颯太,False,12,北海道上川郡新得町,2024-12-24 20:53:32.000000
3f57abc1-4951-47e2-9c5c-06fe0a99a0ec,菊地真央,False,48,滋賀県長浜市,2024-12-06 06:01:43.000000
0bc3a8cf-67fa-41f7-a2e7-ce28d716a42d,前田碧,True,30,北海道留萌市,2024-12-22 04:26:54.000000
7a95ef1b-fd8e-48df-a458-d44ec9022021,松岡芽生,True,73,新潟県新潟市西区,2024-12-12 18:19:32.000000
5e896dc1-5e5e-420c-a3b9-c76804eb820e,松岡悠生,True,74,愛知県春日井市,2024-11-03 12:17:00.000000
ab64918d-04c1-4967-a2b1-8009056a5a33,桜井莉奈,True,11,神奈川県平塚市,2025-01-07 08:05:23.000000
30ea57aa-c0a9-405d-adfe-46de76d72d86,竹内大輔,True,19,東京都足立区,2025-01-12 21:09:55.000000
fe2d8341-e06e-4494-9efa-b77048f67cba,松井雄大,True,97,北海道登別市,2024-10-27 17:59:15.000000
8f457ee8-30f7-494c-86fd-11d5e0307afc,西村美結,False,80,大阪府八尾市,2024-11-27 14:50:03.000000
4d29f389-807a-4877-9137-67db41c37576,川崎美沙希,False,70,新潟県長岡市,2025-01-01 20:24:00.000000
31279c29-6921-42a2-a5ef-d9e77540de37,渡辺晴斗,False,19,北海道札幌市北区,2025-01-01 00:18:12.000000
2b1e979a-25eb-4594-9fad-7165bb7462da,今井海斗,True,22,愛知県瀬戸市,2025-01-15 03:23:18.000000
69f36706-ee9b-4b74-b515-1bb049095de0,橘芽依,False,61,愛知県長久手市,2025-01-07 17:37:03.000000
0bc19958-a737-4b6b-990e-b4933ee0ee35,菅原海里,False,69,岐阜県岐阜市,2024-11-11 22:28:35.000000
930c93cd-f03a-4d42-baee-75d5e6b84314,今井陽菜,False,74,兵庫県神戸市兵庫区,2024-11-29 06:41:19.000000
ef3d3f1c-e85a-4cf5-9b51-0313828c17ca,岸本美玖,True,25,福岡県鞍手郡鞍手町,2024-11-15 08:53:56.000000
7bc38c10-fd3e-4fc8-b51d-78ad60725a17,小川翔馬,True,37,富山県小矢部市,2025-01-05 15:39:57.000000
f34b74d0-33a6-4f2a-8b87-309d30f243cd,鈴木陽菜,True,48,山口県下松市,2024-11-16 16:23:52.000000
cae2fe39-6390-454c-a192-b09ada5f1d76,佐々木大輝,True,66,茨城県水戸市,2025-01-14 07:47:54.000000
2eb777ce-167d-4e9e-ab8e-7bda614adae9,西村和也,False,20,北海道河西郡芽室町,2024-10-23 08:10:54.000000
3c2f5f6a-4924-470c-85f8-6b4dbc27c243,森田悠樹,False,61,岡山県岡山市東区,2024-11-11 12:55:25.000000
035d439f-bdf6-483d-8b89-bb53d5db7416,梅田琴音,True,30,富山県南砺市,2024-12-25 01:12:13.000000
d5929fb0-f405-4578-bf62-eec1a7ebe53c,木村梨奈,False,51,山形県東根市,2024-11-29 16:42:31.000000
28447e86-3eb0-4af6-adbd-f286a4d3bdce,土屋太郎,False,32,京都府京都市南区,2024-11-13 10:24:11.000000
251def59-2e97-4572-8f95-cab3ae88cbbd,岡崎美和,False,78,京都府綾部市,2024-10-26 11:02:49.000000
c25e06c4-89af-42f1-b7e5-56cca62461af,宮崎慶太,True,84,群馬県前橋市,2024-12-28 07:33:56.000000
1b77f9fa-499c-4feb-889e-ceaee488f82a,高橋健一,False,62,京都府京都市中京区,2024-11-03 02:47:04.000000
04ddb5f2-7597-46f2-a3fa-c4552b70ab53,中川悠,False,41,広島県呉市,2024-12-19 15:41:51.000000
0c19f525-7401-4f57-8198-a7acce9cff90,村上海翔,True,28,愛媛県四国中央市,2024-12-08 16:51:40.000000
3c93c33e-5c5c-425a-b354-26c30c8a7a59,三浦紗季,False,90,新潟県新潟市中央区,2025-01-05 22:07:53.000000
ef36af89-66f0-46f2-a4b0-b335e5c0dbc9,岡本葵,False,50,茨城県稲敷郡阿見町,2025-01-09 21:39:42.000000
36fe54ec-051d-4314-9b92-46f4a3a57006,伊藤太郎,True,32,愛知県弥富市,2024-12-09 17:42:00.000000
989d04fa-1d2f-4ceb-bbf7-c758fbdb7b86,河野陽太,False,11,福島県東白川郡塙町,2024-12-02 05:35:45.000000
0e9b5ce1-fa87-4b16-82de-d89025c888e5,宮崎美和,False,98,群馬県伊勢崎市,2025-01-05 11:59:53.000000
57631366-97bb-4d78-ae58-7e00b41ec1bb,伊藤陽向,True,97,山梨県西八代郡市川三郷町,2024-11-10 13:31:28.000000
428d0347-9c69-4521-a56c-6f4b19800476,木田太一,True,61,熊本県熊本市中央区,2024-10-19 21:37:05.000000
84630056-cff3-487c-97ae-d76cce1eb9ea,佐藤美菜,False,85,愛知県知多市,2024-12-24 15:14:13.000000
863b1883-54c1-441f-800a-87f4c53e6e69,大野紗羅,False,85,青森県平川市,2024-12-05 16:52:27.000000
e4f20ecd-4ff2-4112-8183-25ea8390ab7d,川崎美波,False,54,福島県二本松市,2025-01-01 15:31:45.000000
9adbb4c8-b7f9-4314-9bf9-d713cafbed85,阿部大和,False,42,大阪府堺市中区,2024-11-18 20:54:18.000000
31c27200-0fc6-4086-adfe-d7ea5a2b2595,村上美樹,False,56,大阪府八尾市,2024-10-29 08:45:38.000000
ab1bdbef-7bc8-4697-8a43-d2550ab38f26,菅原美波,True,42,福岡県北九州市若松区,2024-11-11 04:08:28.000000
0ec4ea7a-8d39-4239-969c-199b793252b6,竹内芽生,False,55,愛媛県西条市,2025-01-08 17:12:21.000000
83c09b32-51d3-4b95-b8b0-ffba8577de14,橘翔馬,True,48,北海道札幌市厚別区,2024-11-18 00:38:05.000000
3892b0ce-c76d-4e63-9f7e-5eb3a7289a1d,岡田莉子,False,63,鹿児島県大島郡宇検村,2024-12-12 12:57:49.000000
748fcf1b-b510-48ef-bb1b-de0f7de7d6ac,木田美樹,False,84,大阪府松原市,2024-11-15 23:33:55.000000
988f6e4d-0f03-442a-b583-e94be86a333b,菅原悠生,False,31,広島県府中市,2024-10-31 11:32:12.000000
f9590f31-274d-4e4e-af46-7b83595d7a22,大野翔平,False,85,三重県名張市,2024-12-31 04:02:50.000000
6afae188-fbbd-461f-8e55-99f0881c462b,横田琴音,False,56,埼玉県朝霞市,2025-01-03 05:18:47.000000
ae96ca93-7ed1-4cac-82c5-48fd33bcb445,岡本芽依,True,24,北海道常呂郡佐呂間町,2024-12-17 22:04:01.000000
997552f1-ab1f-41c1-9cb6-556ce1dbbbb0,池田佳奈子,False,79,宮崎県宮崎市,2024-12-26 10:36:52.000000
68505b05-f004-4f1c-96b2-d82833954d79,浜田愛美,False,84,東京都大田区,2024-11-22 21:39:17.000000
908e3f07-8f47-484e-8e55-09146e1ab4a2,川崎陽向,False,95,青森県黒石市,2025-01-12 00:59:59.000000
7a35aef3-a558-4d33-bd29-c2b9bd684a64,酒井明日香,False,61,大阪府吹田市,2024-10-30 19:32:35.000000
5a740ea6-bf73-40bb-827b-1f2d3308d9d4,加藤晴斗,True,23,三重県志摩市,2024-12-14 14:58:15.000000
a137b6f4-e751-4068-8b48-d6403d88d03b,岡田芽依,True,50,京都府京都市中京区,2024-11-14 04:07:42.000000
038b6f74-c2b0-426d-b5f0-bac23e276e7f,井上美和,True,94,長崎県雲仙市,2024-11-21 16:25:14.000000
2759fbd8-ee74-4a24-812c-bafc22bc6059,浜田琴音,False,51,福岡県北九州市若松区,2024-10-23 12:50:03.000000
b4a33b71-6477-4788-9fbc-bc6a36c1780f,平野美佳,False,34,新潟県三条市,2024-12-14 10:44:51.000000
b6f9f3b3-8084-4f3c-9738-5dab8d4a15ce,土屋真央,False,22,香川県香川郡直島町,2025-01-10 22:04:15.000000
48b6b20d-5798-4547-8588-222529a188c2,藤井美佐子,False,80,石川県輪島市,2025-01-10 06:48:42.000000
52c25dcf-88c4-45d3-ac29-616abb9a699c,梅田結菜,False,22,岐阜県高山市,2025-01-08 16:43:03.000000
906f5e2c-f1ae-4ec6-b792-5e158f2a27f1,田中美玲,False,49,福井県福井市,2024-12-06 11:57:53.000000
6fdb2b9d-06b0-4aa8-8883-f04682941cf4,梅田陽斗,True,75,大分県宇佐市,2024-10-31 10:04:24.000000
647ef4c0-41cd-4a87-b612-7d12ef78232c,三浦大雅,False,47,徳島県徳島市,2024-12-15 02:52:15.000000
25be9c26-0674-4d41-813d-b6f826e42ace,岡本佳奈,False,28,愛知県清須市,2024-12-13 21:45:03.000000
7e3c0642-af31-4d18-bd03-b6f14da3fb41,大野大樹,False,65,北海道夕張郡長沼町,2024-10-30 05:48:58.000000
294cd40d-061a-43bf-a609-fd97d057bfb9,河合葵,True,42,大阪府摂津市,2024-12-18 22:07:36.000000
204bfdcd-f3ab-48c5-b19c-178c692e5331,梅田悠,False,16,千葉県鎌ヶ谷市,2024-11-04 11:23:51.000000
e1da61bf-0674-493e-b8d4-bdf06f19715a,今井花子,False,49,福岡県福岡市城南区,2024-11-21 15:14:38.000000
5c335d18-f930-4393-98ff-2b7d2cdf73f1,木田麻衣,False,42,新潟県上越市,2025-01-02 23:59:11.000000
6a2371ff-5203-44f4-967b-165ae73c137c,岡本智樹,False,51,熊本県熊本市中央区,2024-10-31 08:03:59.000000
e91471c5-8a85-440d-99eb-4a68b3b77d00,中山美和,True,46,長崎県佐世保市,2024-11-24 06:04:21.000000
675cc1b3-ddc8-4f99-a5b7-1f42a2b1e61e,長谷川龍之介,True,24,熊本県阿蘇市,2024-10-31 01:57:55.000000
ec153e38-b861-43e1-879a-62782a8aff1a,中山美菜,False,97,栃木県さくら市,2024-10-24 08:10:18.000000
a03108ac-2779-436a-a78c-b2ab5e8352bf,林明菜,True,43,群馬県邑楽郡大泉町,2024-10-31 11:09:43.000000
048f19e4-81bb-4e08-bd1b-57036d123ad8,田口美佳,False,52,大分県宇佐市,2024-10-20 04:09:00.000000
a1e22b66-a42a-4d11-a1f5-29446f29780f,吉田海斗,True,62,岩手県滝沢市,2024-10-23 05:48:20.000000
544c7999-5d3b-4fb6-9fec-c8ba53167019,近藤海斗,False,67,岡山県岡山市北区,2024-11-20 18:20:17.000000
e50fdb3c-c462-4ecd-9c6a-827f8bc700a2,今村琴音,False,69,新潟県上越市,2024-12-30 20:30:33.000000
3c8ffdf5-53a1-411e-965f-cd9e8e81ad54,木下美智,False,96,長野県南佐久郡南相木村,2025-01-14 12:25:33.000000
048dc540-0656-4b67-bf10-1ba74cec03cc,岡崎彩花,False,21,兵庫県丹波市,2024-10-29 11:21:59.000000
71a36814-947d-49ee-910e-471020edc8cd,山口太郎,True,34,茨城県筑西市,2024-11-24 04:02:20.000000
0d1d7fda-4e13-4630-9ac4-bc90e6cbece1,佐藤祐樹,False,41,三重県鈴鹿市,2025-01-09 10:51:09.000000
42a5aa89-9bfd-4b69-a115-5a951701d5c7,平野詩織,True,10,東京都渋谷区,2024-11-22 11:08:10.000000
e7d49e39-34df-4d90-8e59-85eeb4f35809,岡崎光,False,72,大阪府高槻市,2024-12-26 15:41:04.000000
9afcc09f-99d0-4720-b677-12727e05e1fa,佐藤海斗,False,29,鹿児島県鹿児島市,2024-11-29 10:32:29.000000
469affbb-775f-45da-ba9c-97e539ba5473,橘翔,True,58,青森県弘前市,2024-11-01 21:48:23.000000
de3840d0-5ace-40d8-acf8-7ad564ef8ee2,中田美幸,True,54,宮崎県宮崎市,2024-12-26 10:07:25.000000
d476757e-3dcc-43f7-9abb-1309654f8f08,田口蓮斗,False,93,福岡県古賀市,2024-11-26 15:24:14.000000
6f1a3100-04cb-4474-a888-054b14f66225,森田由香,True,46,富山県富山市,2024-12-19 01:25:00.000000
e90c8c80-3def-4687-9394-1debd87cb6d0,佐藤海翔,False,89,大阪府大阪市東成区,2024-12-16 11:56:23.000000
710db5e3-8db4-4ae2-967d-23c6b702c158,土屋美佐子,False,50,岩手県宮古市,2024-12-16 21:00:16.000000
8cc8b27d-9d5c-4e48-a9cf-cc7fa621a1a0,小島愛美,True,33,宮城県加美郡加美町,2024-11-10 23:30:31.000000
e87512bc-4cb4-4b77-a5b1-b201418e903d,岩田美玖,False,90,北海道旭川市,2025-01-08 13:20:17.000000
2bcec877-aaa0-4c78-ac63-7ff94eefd448,中村龍之介,True,15,北海道札幌市東区,2024-12-12 17:11:03.000000
95121044-6e0c-47d0-b9b1-13dc7ccc8db4,田口華,False,66,新潟県上越市,2025-01-15 06:59:16.000000
650b7721-f4a7-4ae9-9205-85ae6edfc628,野口美玖,False,60,宮城県刈田郡七ヶ宿町,2024-12-31 17:16:06.000000
91fb51b0-33d3-4530-a7b2-4e2b106da455,山田悠翔,False,85,北海道岩見沢市,2024-12-11 14:36:36.000000
131cb6f2-5e21-4646-9411-15ee70d98516,坂本菜々,False,74,山形県東根市,2024-12-21 18:54:32.000000
2465ed07-2910-4591-ac78-7b1f7f90cfc6,河合悠生,False,65,山形県西置賜郡小国町,2024-12-23 15:46:11.000000
a03ee879-c840-4af7-a7ec-8a3429eb9a4c,野口真琴,True,30,茨城県水戸市,2024-11-13 06:08:38.000000
029a5235-06ad-4ee0-8ab5-453ef212ae1e,岡本直樹,True,34,滋賀県栗東市,2024-10-29 03:06:40.000000
e134e56f-3fd0-4534-a62d-fc96e86d53ea,松田真理,True,75,徳島県徳島市,2025-01-04 07:25:29.000000
414cc906-bbbe-4ba2-b4dc-cd20b0a196b1,酒井麻衣,True,34,長野県中野市,2025-01-09 13:54:28.000000
b7c4d76f-d493-4af2-b435-611238662567,矢野悠希,False,46,大阪府豊中市,2024-11-19 07:33:14.000000
0679737b-822d-47ab-b173-271845374d1f,高木心,True,54,兵庫県西宮市,2024-12-26 22:44:43.000000
089e9dbd-f614-437a-877c-7a9ec06f3a4e,横山大輝,False,15,岐阜県岐阜市,2025-01-07 15:28:24.000000
93131b58-bb54-442b-b3b0-d87ab90f4071,山田明菜,True,73,岐阜県岐阜市,2025-01-03 01:16:51.000000
0ebe1992-d019-4386-82ea-979531b2663f,福田悠馬,True,57,北海道厚岸郡浜中町,2025-01-01 20:05:54.000000
92aa6d56-1de5-4333-889e-860f5c98a901,三浦光,False,82,新潟県佐渡市,2024-10-19 02:30:47.000000
39fe2347-92b0-4885-be27-b12da38f7c8c,菅原美咲,True,97,岩手県花巻市,2025-01-08 02:42:12.000000
dd26feb0-c66d-43c2-9908-a0d7eb7e87de,矢野美結,False,83,兵庫県養父市,2024-10-21 16:07:27.000000
179f7a59-2337-4b75-bc8e-fbdf9787fe45,木田葵,False,83,東京都三鷹市,2024-11-04 23:17:13.000000
ee2b3530-4958-49cc-924d-a5b8833f5828,前田美波,True,24,北海道札幌市中央区,2024-10-27 02:39:24.000000
df3db9e2-9422-4360-bdf4-627232f2b959,松岡大和,False,20,茨城県坂東市,2024-11-15 09:00:12.000000
df059068-ef4a-40bc-a730-cd505bc18a67,本田悠介,True,95,神奈川県横須賀市,2024-12-21 19:08:38.000000
984d70e9-b2be-40fe-bf28-94e1da6d6c26,藤田陽向,True,14,宮城県宮城郡七ヶ浜町,2024-11-26 12:26:15.000000
4f283096-d477-4edb-99f5-d494b4d25bb9,川崎真央,True,92,北海道稚内市,2024-11-11 06:29:00.000000
af07c609-e3bf-4a85-9a31-16a8040af8f5,大西美緒,False,70,富山県氷見市,2024-12-16 03:35:36.000000
5c9419ed-3c8b-4795-9440-7e1d97066421,佐藤一郎,True,61,静岡県菊川市,2024-10-25 08:21:25.000000
76b512e1-1b0a-4fb6-9c98-96a9cf906f3d,藤田健太,True,70,新潟県新潟市西区,2024-11-30 20:29:51.000000
ebe8383b-e5c9-4229-95c0-7eac575a382a,松山玲奈,False,94,岡山県倉敷市,2025-01-06 17:16:37.000000
73005741-9edc-4067-8706-5c30daa725b4,今村拓真,False,58,北海道石狩郡新篠津村,2024-11-01 12:38:48.000000
1ac4b429-e400-46b3-b4bc-e2313b347a82,田村玲央,False,90,茨城県土浦市,2024-11-20 11:51:33.000000
8c76d167-d673-404c-8029-b0532bd2030e,川口美玖,True,18,奈良県吉野郡吉野町,2024-12-19 15:20:59.000000
649fe071-1e86-4e5d-aca3-18323ebf011e,佐藤太一,True,68,宮城県仙台市青葉区,2024-10-22 13:40:30.000000
d8ee8ef8-492b-40f4-9e37-50d4a3eeaefe,三浦美智,True,24,岐阜県多治見市,2025-01-07 02:38:22.000000
60ed84b4-672b-48e1-8121-dcc2533859a1,黒川美結,True,73,熊本県熊本市南区,2025-01-12 14:46:25.000000
02f90ecd-3d52-4297-a73a-1f3d313984cc,森紗也,True,83,岐阜県岐阜市,2024-10-20 08:21:08.000000
a6cac920-e3dd-4496-9fef-4a9f72ffd29a,菊地涼,True,69,岐阜県海津市,2024-10-28 05:58:19.000000
f054a344-ad6f-4db0-bfb1-bee3b795584d,横山美智,False,75,群馬県藤岡市,2024-11-10 23:19:49.000000
2c208979-94ef-4fa2-bd3b-d8c97c0c1827,橘愛,True,69,兵庫県相生市,2025-01-10 19:58:46.000000
826a8be2-4a83-4b60-91d0-79de662ab979,松岡拓海,False,19,高知県幡多郡大月町,2025-01-08 20:31:28.000000
d58aa36a-b12a-441f-b155-608558b3b22e,森田佳奈子,True,24,京都府京都市伏見区,2024-10-18 15:10:00.000000
d6b129a6-8cf9-4cc1-a64a-5e684417ce0d,野口翔,True,69,大阪府大阪狭山市,2024-12-25 18:27:36.000000
3b353dd9-d665-4605-9986-10d42158511c,井上美月,True,28,北海道札幌市手稲区,2025-01-11 04:08:48.000000
28a5877f-5ec4-4d8f-9625-7ee398f7de3b,大森太郎,True,20,北海道札幌市豊平区,2024-12-17 09:11:19.000000
0bb700e3-6ce5-4df2-8142-f8eeb558c6cd,村上拓海,False,56,山形県酒田市,2025-01-07 23:34:14.000000
77744989-63a4-4691-bbc0-52f72fb031e0,菊地陽葵,False,36,青森県黒石市,2024-12-27 07:31:18.000000
2c811548-b84f-404b-9d0c-4bae9c49696c,河合大雅,False,84,秋田県湯沢市,2024-10-27 20:43:23.000000
8452929f-9113-4fef-a476-c348c269c226,三浦一郎,True,47,滋賀県近江八幡市,2024-11-24 10:02:45.000000
1ca39e58-851e-4eb5-b044-db8a3ceff13f,河野紗也,True,78,愛知県碧南市,2024-11-09 00:00:10.000000
ab3ba69b-bdcf-4b80-8b6c-ddceaca065a5,杉山陽翔,False,23,千葉県鴨川市,2024-12-06 04:47:03.000000
fb38f81f-cbbe-4f5f-beae-b82722597b00,小島千尋,True,92,岡山県和気郡和気町,2024-11-06 09:02:28.000000
483dc336-7a4c-4216-8187-f948b4e8c40a,岡本海翔,True,25,大阪府茨木市,2024-11-10 14:54:36.000000
340e6ce0-0b41-4f4d-b3ac-0b2a59f1d6f7,長谷川颯太,True,62,奈良県宇陀市,2024-12-19 17:14:35.000000
1bd916b0-80cf-4ad4-aa66-97856d5de854,矢野蓮斗,False,75,新潟県上越市,2025-01-12 07:56:21.000000
3f158ec7-a890-4cef-a324-e29171cb70ab,木村琴音,True,92,北海道河西郡芽室町,2025-01-06 10:03:29.000000
3ce883cb-3de6-4022-bce2-8f396ab0b64a,藤井颯太,False,95,愛知県名古屋市中川区,2024-11-25 08:39:49.000000
6299691f-a796-4eaa-89c0-ff10025caf94,酒井大翔,True,88,大分県大分市,2024-11-11 01:11:15.000000
32075b55-c313-4955-9bfd-a106eb360ceb,中村花子,True,19,兵庫県加古川市,2024-12-28 11:05:53.000000
0d1f4371-7e9e-4dfa-b211-152835d365a7,荒木悠斗,True,28,茨城県結城郡八千代町,2024-12-18 03:42:50.000000
c6513046-09d6-4037-9689-60156d8a8ba0,田口晴香,True,54,北海道標津郡中標津町,2024-10-27 09:46:48.000000
0f130509-1379-46ce-bc5f-e54dd1d6a8c3,中山悠人,False,63,兵庫県尼崎市,2024-10-22 18:12:15.000000
8e7742e7-4988-4d82-a35b-0f0e950b3522,宮崎紗也,False,47,滋賀県草津市,2024-10-20 00:01:54.000000
028c269a-b2b0-4efb-963d-8940f5c86092,横山心愛,False,32,奈良県香芝市,2025-01-02 05:58:00.000000
d52df599-c4ed-48c4-a22e-bb7ade882d7b,川口晴斗,True,35,大阪府枚方市,2024-11-21 15:14:23.000000
84997efd-f0ec-4051-8a4d-b4035dd5b964,高橋芽生,False,15,福岡県大野城市,2024-10-18 13:16:33.000000
80616508-688b-4d8b-b963-62ba2aa3e7fe,岸本美羽,True,79,北海道札幌市南区,2024-12-12 15:51:15.000000
adedd70a-ec56-4e79-970c-883541e628b2,中島真奈,True,44,愛知県江南市,2024-12-28 17:02:22.000000
bd9c3d47-4d9d-4170-aee7-4fc36758d2ce,前田菜々,True,54,富山県富山市,2024-12-09 18:38:05.000000
11706d40-c6be-4881-a9fb-bb1c31d91700,木下芽依,True,91,埼玉県鴻巣市,2024-10-26 14:22:01.000000
5b0d3d88-28f4-4f42-9830-9080e4fa67e2,池田美樹,True,72,千葉県君津市,2024-11-13 11:17:00.000000
886a231d-8584-4aa4-b60d-a2c26f8ec796,桜井大雅,False,96,熊本県菊池郡菊陽町,2024-10-23 09:01:41.000000
1cbc1712-b1a1-480d-8030-e3d4843cbf41,市川優,False,14,岐阜県揖斐郡池田町,2024-10-21 08:51:13.000000
a8926c94-fc7b-41fe-849f-11800f81e83e,松山彩花,False,21,千葉県長生郡白子町,2025-01-12 12:39:59.000000
a40edc47-9ab2-4897-ae8c-45d8edcf1aaa,梅田蓮,True,69,愛知県名古屋市南区,2025-01-05 01:21:19.000000
cb5ac0b4-a4ac-4fe5-819e-abd654ab4a68,森田美幸,False,52,新潟県長岡市,2024-10-25 01:37:11.000000
9a2d7624-68f4-4d1e-ba50-2e4b7c5b4468,永井芽衣,False,57,岩手県北上市,2024-12-11 03:07:53.000000
288a63cb-1e40-4eb7-93a2-26a2e89d42fc,梅田悠真,True,29,大阪府東大阪市,2024-11-24 07:41:22.000000
b625fa3b-d253-489a-97e4-fe1e6eb36447,岩田瑠奈,True,13,福岡県福岡市博多区,2024-11-12 04:33:38.000000
1e0c5049-9988-43db-8480-8f8908889b65,林涼,False,97,岡山県備前市,2024-12-05 22:48:58.000000
c12837ad-500d-4020-9103-b274e546811b,小田琴音,False,24,長崎県佐世保市,2025-01-13 06:28:21.000000
3966ea61-cc27-4c35-a041-4906def94eb0,安藤大輔,True,36,福井県あわら市,2024-12-27 13:02:21.000000
20f19554-3bd8-4a01-ae1c-b45c8adcbe4e,西田悠貴,True,30,茨城県東茨城郡城里町,2024-10-24 08:22:00.000000
5b4acd91-0279-40c9-b708-dd47dd4200ad,石田碧,True,32,大阪府大阪市平野区,2024-10-25 16:22:47.000000
3fb434ea-d65c-412e-b319-cf7e526649a6,田中晴斗,True,17,岐阜県各務原市,2024-12-12 02:18:44.000000
118257f9-b7b7-4952-ab39-6f03f07f8d19,岡田陽向,False,35,奈良県香芝市,2024-12-02 14:48:48.000000
d842ed5e-b1aa-4c7c-b33d-81d23343f3b6,大森紗季,False,97,熊本県合志市,2024-11-02 19:08:55.000000
747e202e-698f-4bfb-8a85-bd6ae1f53d8b,横田優,True,29,北海道札幌市中央区,2024-11-15 19:25:24.000000
86cd425b-ebdb-4a79-9ad6-c37fdb8c2287,加藤美玖,False,11,山梨県北都留郡小菅村,2024-10-20 02:10:50.000000
c8891083-3977-4660-90d6-9fa87f429a73,青木美悠,False,73,福井県福井市,2025-01-13 19:28:57.000000
df67ff12-aa07-4668-baa3-5544fad11fbe,大橋美結,True,22,北海道札幌市手稲区,2024-12-27 17:46:00.000000
71cebbd7-0033-4356-9a2e-b15ac82988b8,橘美晴,True,17,京都府京都市山科区,2024-10-25 09:36:18.000000
99d9dc18-8a69-48c6-9857-5b5b1c74d951,田口美幸,False,78,北海道標津郡中標津町,2025-01-07 03:39:12.000000
75e5aee5-3639-4d9d-8a91-868b4a4a0b5d,藤原健太,False,59,宮城県刈田郡七ヶ宿町,2024-12-24 06:49:53.000000
445fc310-7aaf-4df9-930f-eef881794fde,大野千尋,False,97,兵庫県神戸市東灘区,2024-12-30 07:54:45.000000
e37785d6-fce4-4b2a-a4bf-d89dd0441918,田中紗也,True,79,京都府八幡市,2024-11-11 22:49:26.000000
e504d731-8de7-4518-becc-46b6a97e8b1c,山田美咲,False,48,富山県富山市,2025-01-10 09:06:50.000000
46d725b8-6dfe-44d4-a72e-d84fa231eaf2,木下翔平,True,17,北海道旭川市,2025-01-15 02:00:42.000000
b681e487-4269-47cc-8302-1f5927ae3330,松岡琴音,True,96,愛知県豊田市,2024-10-18 19:05:10.000000
9fb32cd7-e07a-4b2c-ad89-64f050fc461d,中村愛美,True,97,北海道釧路市,2025-01-11 23:06:14.000000
5f975612-8419-4947-b21d-d4853a082dda,岸本結斗,True,91,埼玉県さいたま市見沼区,2024-12-18 08:29:54.000000
f382076c-18ee-4089-aeb6-a4b3f3962af4,中山蓮斗,True,76,京都府京都市西京区,2024-10-18 19:24:28.000000
4b4354b5-6f7b-4d9c-be1a-c0961f5f7bad,佐藤悠翔,True,92,岩手県八幡平市,2024-11-19 09:27:53.000000
0eb50b63-e7dd-450c-888f-1199d4d27d35,松岡大翔,True,52,茨城県笠間市,2024-11-02 22:13:05.000000
0fce47fd-3ee2-433f-a077-a93e078e15e9,永井瑠奈,True,69,北海道帯広市,2024-12-19 20:57:54.000000
aec0443d-3dd2-4dcf-af12-36b7f4df02c8,永井碧,True,41,北海道江別市,2024-12-03 21:19:18.000000
c0e72ac7-b557-40eb-ab41-16cd2e98bd15,松山美沙,True,87,東京都葛飾区,2025-01-02 20:17:52.000000
6f627e00-4878-4712-92a7-09a247aece68,野口亮,True,30,大阪府富田林市,2024-12-12 11:24:59.000000
2b3c15dd-7bc0-4fb1-abe8-44a5cee71663,宮崎拓也,True,55,群馬県高崎市,2024-11-06 01:43:53.000000
a01432c1-6aa9-454f-888d-b684f93a55ec,安藤美佳,True,44,滋賀県長浜市,2024-12-01 04:04:58.000000
b137e2f0-fc21-42af-9780-ff9342a78733,村上雄大,False,68,愛知県名古屋市昭和区,2024-12-12 11:58:21.000000
4fbf3626-2bea-4a65-a1c7-1087303bbeb5,橘真由,True,99,埼玉県熊谷市,2024-12-26 04:22:41.000000
596bdcbf-15bd-4a3a-9a80-2a0cab5426d5,西田大翔,False,49,福岡県春日市,2024-11-15 05:42:53.000000
ab372ce0-08ce-4771-a4bc-aee31a18962c,高木直人,False,82,大阪府堺市堺区,2024-12-02 09:01:00.000000
883ddc32-a3a3-4798-b0e6-9a1945d59ed0,竹内拓海,True,66,広島県福山市,2025-01-09 02:45:35.000000
edf97509-42a9-4397-8589-bb5438d98017,青木陽向,True,95,岩手県盛岡市,2024-10-20 16:38:39.000000
5fce21a1-0b94-4d8f-8284-7c2e1efd87fa,木下海斗,True,45,和歌山県日高郡美浜町,2024-11-19 12:37:36.000000
9b948041-2c2f-420f-8ae3-41a72f829ded,岩田玲,True,78,岐阜県岐阜市,2024-12-26 00:44:35.000000
d9508881-0d0c-49b3-92fa-0fa089ae212f,浜田陽介,True,66,千葉県茂原市,2024-11-16 08:45:54.000000
78bc1f13-6a6f-4964-be76-2471e41939bf,中村光,False,97,岐阜県岐阜市,2025-01-12 14:05:17.000000
0cbcd6c7-f766-4240-9148-3e94a9f38c77,橘美玲,True,64,茨城県稲敷市,2024-10-26 15:11:17.000000
dcac6ddb-1bb1-4708-bb24-b275343e460d,木下拓海,True,88,東京都墨田区,2024-10-31 13:41:54.000000
a39f1253-48b0-4a34-860a-cd15a3abd651,小林海里,False,20,埼玉県児玉郡美里町,2024-11-03 12:46:37.000000
93564fa8-7295-45e8-b83d-a4a6d4f5bcc7,山田真琴,True,23,京都府京丹後市,2024-12-05 18:54:28.000000
96b5c9c3-7202-489d-a7bc-7261701d0b22,岡本莉奈,True,12,千葉県印旛郡栄町,2024-12-16 03:25:14.000000
5fc5f5b2-b9e5-4b37-bc75-11afdeea4965,宮崎真琴,False,79,岐阜県岐阜市,2024-11-27 16:51:06.000000
53129c57-1d39-498f-80af-5db7a428fdd7,井上颯,False,34,京都府京都市下京区,2024-11-30 05:05:30.000000
91895c45-8bc9-4311-b89e-6961360dfe3f,松本美咲,True,98,愛知県名古屋市港区,2025-01-10 10:19:08.000000
8c365814-e0a5-4bda-ba6e-aab4626491a9,平野翔介,True,38,山形県上山市,2024-12-14 11:44:37.000000
0afcbdd3-7738-4532-9884-51e7e3045796,伊藤悠樹,True,20,埼玉県坂戸市,2024-12-05 10:07:08.000000
3721f9b9-bb25-40bf-860c-59a35d266d2c,山口莉子,True,94,大阪府寝屋川市,2024-11-08 02:54:29.000000
864a5bce-f339-4389-9325-893baae3f48f,今井直樹,True,73,富山県富山市,2024-12-10 02:20:30.000000
6375ad05-3929-4955-8e43-fbe462409f5f,田口花子,False,31,宮崎県日向市,2024-11-30 02:34:04.000000
22c79fb1-6cae-4138-8b6e-7ca44bf7ee14,黒田悠希,True,43,宮崎県延岡市,2024-12-27 02:32:22.000000
5e5526b7-7984-4144-bf77-f752deb57594,川崎大地,True,56,埼玉県蕨市,2024-12-22 14:08:32.000000
0ac9cfd3-5ca9-4320-94e9-db394e70149c,石井瑛太,False,36,福島県二本松市,2024-10-19 19:50:42.000000
5ce4df5c-4b17-466e-a510-400cc9678c53,松田優花,False,92,徳島県徳島市,2024-11-11 21:26:04.000000
1225d2ab-4f05-4bab-b77e-2e2c37619541,石橋美沙希,False,60,新潟県新潟市南区,2024-12-25 00:47:49.000000
a4e506f1-3a55-4092-b568-d796aeec4117,土屋大雅,True,39,北海道枝幸郡浜頓別町,2024-12-24 00:12:00.000000
84d8c8e1-841d-449d-8a03-3df02fb6ebb7,中田光,True,59,愛知県半田市,2024-11-01 02:55:13.000000
a80b6fc1-a35c-4c63-a605-2131933f7ed0,黒川海里,True,92,北海道網走市,2024-12-29 03:55:13.000000
775617b7-2795-4837-a34d-db4af8701d4f,田中心愛,True,54,神奈川県横浜市港南区,2024-12-14 13:25:45.000000
dd504b06-5eda-47fb-b5ac-b49b1836d2b8,小島由美,False,91,奈良県吉野郡黒滝村,2024-12-14 10:51:48.000000
fea9447f-3d78-48cb-8c73-ca4cddcea491,中川真由,False,68,神奈川県足柄下郡箱根町,2024-10-22 09:52:16.000000
26c0b0fe-df5b-41eb-b4a1-dd23daa765ee,森田琴音,True,61,北海道釧路郡釧路町,2024-10-26 14:32:22.000000
f0f6fa2b-21e1-412c-b1e9-c8bbce2f9dbe,黒田光,False,40,大阪府八尾市,2024-11-10 08:24:23.000000
b4bd0b2a-07da-43f4-869f-4ab17eecfc69,佐々木陽翔,True,99,北海道河西郡中札内村,2024-12-25 00:52:33.000000
dbe6b4c4-c08d-430a-a90d-f2ce14de6b17,吉田真琴,True,87,大阪府枚方市,2024-12-06 20:23:48.000000
2eefbfef-ef87-4e75-a719-6355c2c02890,河合悠,True,63,北海道北見市,2024-11-03 02:04:51.000000
1b0af9f6-7296-4172-9cfe-4c1a1bc8121c,梅田詩織,False,75,北海道美唄市,2024-11-22 03:14:34.000000
8c53970b-91d5-4b42-86d6-981593499d9f,大塚美玖,False,91,神奈川県川崎市麻生区,2024-12-11 22:00:21.000000
3639020a-3bd3-42ad-bda2-2cc7eecd06a8,桜井悠人,True,82,北海道虻田郡倶知安町,2024-12-19 12:59:03.000000
cc133c80-e4e4-4b21-b069-ee56a20c96d6,橘晴斗,True,19,福島県伊達郡桑折町,2024-12-07 12:11:34.000000
cd42adcb-7ae0-4bf9-920c-b4ee0f9b3abb,池田里奈,True,91,兵庫県宍粟市,2024-11-30 05:41:08.000000
6d8a57eb-3be3-4336-b9db-3cfe75480483,木田瑛太,True,60,静岡県榛原郡川根本町,2024-12-03 23:30:37.000000
fd3e5b90-35e6-4a24-b4bc-957c83499818,後藤真琴,True,69,北海道旭川市,2024-11-26 00:06:43.000000
217daa6b-57a0-4643-8454-9b7b0f3286f0,藤原直樹,True,74,北海道札幌市東区,2024-10-17 21:06:10.000000
c8ce6ed5-d912-4370-b12b-2d8de1e5149e,前田大翔,False,52,秋田県大館市,2024-11-25 13:15:14.000000
3162c0b5-53f5-42b0-9a1d-7a41ecddeac6,横田心,False,71,新潟県新潟市東区,2024-12-02 19:07:53.000000
50a1b671-d3dc-4cf9-93f0-db97ba3d8e46,酒井颯太,False,94,香川県坂出市,2024-12-13 23:56:04.000000
f2006774-bc7e-4fa4-8718-e6509934c947,西田紗奈,True,28,宮城県気仙沼市,2024-12-14 01:04:37.000000
901f7866-a7b4-44f6-adec-f50d271062fe,平野龍之介,False,69,宮城県登米市,2024-11-20 01:55:11.000000
822539de-3df7-48b0-9f82-6a0639bc6d7e,岡田陽葵,False,91,神奈川県愛甲郡清川村,2024-12-09 15:29:16.000000
844f4fcb-7948-4171-aeaf-d18d773a754b,橋本悠真,False,76,群馬県高崎市,2024-11-13 15:52:21.000000
1ec4c76f-c5d3-4326-a265-d512e2b102c3,村上直樹,True,77,東京都千代田区,2024-11-15 00:00:10.000000
78ddbbfd-dac9-4fe1-b5e3-30d8b7ea1d13,横田明菜,False,68,新潟県糸魚川市,2025-01-07 03:01:29.000000
1a959bd7-6ea1-4362-8bde-15cb77c257ee,土屋和真,False,78,三重県名張市,2024-12-04 01:54:27.000000
79078f67-8228-4739-b6b2-a7ca1c99f06c,青木美玲,True,19,埼玉県春日部市,2024-11-09 10:48:45.000000
ae8b0f9f-2f23-4d9d-88c8-4088aa075663,田村美穂,True,80,宮城県加美郡加美町,2024-11-21 15:24:38.000000
eff65b20-9132-49d2-88ff-229e3751e2f8,井上美羽,False,32,北海道室蘭市,2024-12-15 23:45:30.000000
742c9bc5-7c6d-4eab-93ba-719a7c10a5d0,近藤花子,False,81,栃木県那須塩原市,2024-11-14 03:49:06.000000
30854515-38d9-498b-9af8-efbb864a40ed,黒田優,True,97,北海道十勝郡浦幌町,2025-01-11 06:45:25.000000
be37443b-f5a7-4f6a-affe-b68fffcfaa34,酒井美智,False,12,福井県大野市,2024-12-21 06:22:31.000000
749545ef-d4c6-4371-99a9-844ff705cc0c,高木美佐子,False,68,北海道札幌市手稲区,2024-12-11 20:01:24.000000
9396c27f-9c78-4795-8166-d9b8a058cce0,加藤陽翔,False,81,石川県河北郡津幡町,2024-11-10 20:59:13.000000
e98b32e7-ef45-48d6-8f2a-ab75c745a3b4,木田悠真,False,69,愛知県あま市,2024-12-05 03:48:43.000000
863f5665-7846-4b01-9a86-20112d092441,永井大翔,True,44,岐阜県郡上市,2024-10-31 14:30:50.000000
3daae65f-fb9b-4a10-b930-e35855c231b5,岡崎悠貴,True,97,茨城県日立市,2024-11-01 12:13:50.000000
cb1d35d7-77a1-4b7f-b76e-eb4dae7d42c1,今村海斗,False,40,高知県安芸郡田野町,2024-10-22 00:05:52.000000
bafd85e0-5d55-4cc6-9f36-922f35d8664f,宮崎美結,False,19,宮城県加美郡加美町,2025-01-12 02:38:58.000000
e1921c1c-49ee-4409-b4ab-6f188224feac,山口美和,True,27,東京都町田市,2024-12-12 01:44:43.000000
8abb6184-1663-4608-8afc-7ca2977d0013,森田涼,True,43,新潟県新発田市,2024-11-15 04:34:55.000000
9288b2e7-17fd-4e90-92fd-1a4cf069cca1,高木愛美,False,68,福岡県北九州市八幡東区,2024-11-20 15:10:25.000000
776ab68f-09c7-49d2-9d82-b9b3ac47edc1,青木玲奈,False,14,北海道標津郡中標津町,2024-10-26 13:20:47.000000
3af9c7c6-50fc-4dcd-bb4e-91f2de15eadc,平野陽翔,False,25,愛知県豊川市,2024-12-06 03:06:22.000000
64d751d6-ec07-47d3-8c8d-0d13fa7fea7f,山田晴斗,True,49,青森県八戸市,2024-10-27 03:49:57.000000
8377cc24-e78c-47d6-b9a3-9eeef2b4e820,菊地詩織,True,59,宮城県仙台市太白区,2025-01-13 12:13:28.000000
155154c2-5ff2-4d56-824a-7fa38540ee1f,藤田悠翔,True,65,愛知県名古屋市南区,2025-01-01 11:24:22.000000
f5c003a8-71b2-4880-afd5-53c443c79a19,川口海里,False,29,滋賀県彦根市,2025-01-05 21:33:25.000000
70e54e1f-1df7-4f8f-a677-7a135b578fe0,岡田芽依,False,43,広島県安芸郡海田町,2024-12-18 07:13:23.000000
56895613-5331-4f70-a4aa-f3778fe13ec5,松山美咲,True,98,福岡県北九州市小倉南区,2024-12-07 02:39:30.000000
e2fb2a33-e5d4-4f61-aa6e-e4882a77d266,今井悠斗,True,26,北海道旭川市,2024-10-17 16:46:14.000000
2cc7aa57-cf78-4d69-8e10-648683e634a0,中島葵,False,99,愛知県豊田市,2024-12-31 04:17:15.000000
94d7fde9-856d-402d-9329-bdc650a3f870,桜井美咲,True,97,岩手県一関市,2025-01-02 11:35:33.000000
87c804f2-54af-4ecf-ae7e-4691883128d2,大塚雄大,True,41,静岡県静岡市葵区,2024-10-19 19:14:26.000000
312b1c32-4509-415f-973a-881b67f69b9d,藤原悠馬,True,86,神奈川県藤沢市,2024-12-09 07:09:05.000000
a81ecdb5-4684-4af3-9d96-2a83bbfc7980,西村美佳,True,32,熊本県熊本市中央区,2024-11-03 12:42:51.000000
7a3d6a2e-72b1-436b-a101-8dfeb76ece55,横山翼,False,91,埼玉県日高市,2024-12-10 06:10:27.000000
7fb6f6e4-c711-4eb6-a7f2-350c7a2b2281,横田光,True,44,新潟県新発田市,2024-10-28 03:03:44.000000
55bff627-502d-475e-9c11-37acbcb10500,藤田陽向,False,44,愛知県名古屋市中川区,2024-12-11 14:32:36.000000
ec4156d9-3e67-43cd-ab70-6ca5900bbfa0,田口陽菜,True,79,長崎県長崎市,2024-10-24 14:13:39.000000
741a7dc7-774a-4b07-a6a5-43c1f6d2dac8,佐々木祐樹,False,17,北海道札幌市手稲区,2024-11-10 23:55:37.000000
0c4e5180-ee6a-4349-af20-1279a08fd3f0,梅田晴香,True,56,岡山県倉敷市,2024-12-04 15:42:45.000000
61cfc7a3-3622-49a8-ae19-c20abf16b49d,菅原大智,True,14,北海道広尾郡広尾町,2024-12-28 17:56:35.000000
0cecff2b-d8b1-4a9e-b8b0-e80d1bf9268f,坂本碧,True,81,愛知県春日井市,2024-11-14 08:03:00.000000
eca5804b-b55b-4a16-a7da-1eeeacdb0a23,浜田和樹,True,28,北海道札幌市厚別区,2024-12-04 05:16:19.000000
d66d07b1-c045-408e-b114-e4dada4580d7,林健太,True,36,和歌山県海南市,2025-01-10 11:03:22.000000
c063f17a-b734-4270-abde-0cf85fb94fc9,池田大智,True,77,北海道稚内市,2025-01-15 07:56:04.000000
8229da13-f197-465a-acd5-800c778ba7be,井上彩花,False,34,神奈川県海老名市,2024-11-19 12:12:50.000000
48202570-13e5-4a7a-9fda-5fde28dcbb6a,本田海斗,True,61,愛知県刈谷市,2024-12-18 03:23:58.000000
94933c10-0411-48d6-ae9e-b4590a4b0d7f,松井大智,False,91,大阪府八尾市,2024-12-01 09:29:21.000000
14f76b14-0460-43f2-9587-24cf0f478956,藤原太郎,True,16,三重県伊賀市,2024-10-25 15:37:09.000000
dcc52670-5a53-4537-bbea-628f37fa7ad0,青木悠飛,False,30,東京都千代田区,2025-01-15 11:01:57.652468
789b429b-6df3-4015-8ade-14841cbc2e74,青木悠飛,False,30,東京都千代田区,2025-01-15 11:07:27.117721
